item_id,broad_dept_num,broad_dept_name,item_name_displayed
0,0,FOODS_1,FOODS_1_item_1
1,0,FOODS_1,FOODS_1_item_2
2,0,FOODS_1,FOODS_1_item_3
3,0,FOODS_1,FOODS_1_item_4
4,0,FOODS_1,FOODS_1_item_5
5,0,FOODS_1,FOODS_1_item_6
6,0,FOODS_1,FOODS_1_item_7
7,0,FOODS_1,FOODS_1_item_8
8,0,FOODS_1,FOODS_1_item_9
9,0,FOODS_1,FOODS_1_item_10
10,0,FOODS_1,FOODS_1_item_11
11,0,FOODS_1,FOODS_1_item_12
12,0,FOODS_1,FOODS_1_item_13
13,0,FOODS_1,FOODS_1_item_14
14,0,FOODS_1,FOODS_1_item_15
15,0,FOODS_1,FOODS_1_item_16
16,0,FOODS_1,FOODS_1_item_17
17,0,FOODS_1,FOODS_1_item_18
18,0,FOODS_1,FOODS_1_item_19
19,0,FOODS_1,FOODS_1_item_20
20,0,FOODS_1,FOODS_1_item_21
21,0,FOODS_1,FOODS_1_item_22
22,0,FOODS_1,FOODS_1_item_23
23,0,FOODS_1,FOODS_1_item_24
24,0,FOODS_1,FOODS_1_item_25
25,0,FOODS_1,FOODS_1_item_26
26,0,FOODS_1,FOODS_1_item_27
27,0,FOODS_1,FOODS_1_item_28
28,0,FOODS_1,FOODS_1_item_29
29,0,FOODS_1,FOODS_1_item_30
30,0,FOODS_1,FOODS_1_item_31
31,0,FOODS_1,FOODS_1_item_32
32,0,FOODS_1,FOODS_1_item_33
33,0,FOODS_1,FOODS_1_item_34
34,0,FOODS_1,FOODS_1_item_35
35,0,FOODS_1,FOODS_1_item_36
36,0,FOODS_1,FOODS_1_item_37
37,0,FOODS_1,FOODS_1_item_38
38,0,FOODS_1,FOODS_1_item_39
39,0,FOODS_1,FOODS_1_item_40
40,0,FOODS_1,FOODS_1_item_41
41,0,FOODS_1,FOODS_1_item_42
42,0,FOODS_1,FOODS_1_item_43
43,0,FOODS_1,FOODS_1_item_44
44,0,FOODS_1,FOODS_1_item_45
45,0,FOODS_1,FOODS_1_item_46
46,0,FOODS_1,FOODS_1_item_47
47,0,FOODS_1,FOODS_1_item_48
48,0,FOODS_1,FOODS_1_item_49
49,0,FOODS_1,FOODS_1_item_50
50,0,FOODS_1,FOODS_1_item_51
51,0,FOODS_1,FOODS_1_item_52
52,0,FOODS_1,FOODS_1_item_53
53,0,FOODS_1,FOODS_1_item_54
54,0,FOODS_1,FOODS_1_item_55
55,0,FOODS_1,FOODS_1_item_56
56,0,FOODS_1,FOODS_1_item_57
57,0,FOODS_1,FOODS_1_item_58
58,0,FOODS_1,FOODS_1_item_59
59,0,FOODS_1,FOODS_1_item_60
60,0,FOODS_1,FOODS_1_item_61
61,0,FOODS_1,FOODS_1_item_62
62,0,FOODS_1,FOODS_1_item_63
63,0,FOODS_1,FOODS_1_item_64
64,0,FOODS_1,FOODS_1_item_65
65,0,FOODS_1,FOODS_1_item_66
66,0,FOODS_1,FOODS_1_item_67
67,0,FOODS_1,FOODS_1_item_68
68,0,FOODS_1,FOODS_1_item_69
69,0,FOODS_1,FOODS_1_item_70
70,0,FOODS_1,FOODS_1_item_71
71,0,FOODS_1,FOODS_1_item_72
72,0,FOODS_1,FOODS_1_item_73
73,0,FOODS_1,FOODS_1_item_74
74,0,FOODS_1,FOODS_1_item_75
75,0,FOODS_1,FOODS_1_item_76
76,0,FOODS_1,FOODS_1_item_77
77,0,FOODS_1,FOODS_1_item_78
78,0,FOODS_1,FOODS_1_item_79
79,0,FOODS_1,FOODS_1_item_80
80,0,FOODS_1,FOODS_1_item_81
81,0,FOODS_1,FOODS_1_item_82
82,0,FOODS_1,FOODS_1_item_83
83,0,FOODS_1,FOODS_1_item_84
84,0,FOODS_1,FOODS_1_item_85
85,0,FOODS_1,FOODS_1_item_86
86,0,FOODS_1,FOODS_1_item_87
87,0,FOODS_1,FOODS_1_item_88
88,0,FOODS_1,FOODS_1_item_89
89,0,FOODS_1,FOODS_1_item_90
90,0,FOODS_1,FOODS_1_item_91
91,0,FOODS_1,FOODS_1_item_92
92,0,FOODS_1,FOODS_1_item_93
93,0,FOODS_1,FOODS_1_item_94
94,0,FOODS_1,FOODS_1_item_95
95,0,FOODS_1,FOODS_1_item_96
96,0,FOODS_1,FOODS_1_item_97
97,0,FOODS_1,FOODS_1_item_98
98,0,FOODS_1,FOODS_1_item_99
99,0,FOODS_1,FOODS_1_item_100
100,0,FOODS_1,FOODS_1_item_101
101,0,FOODS_1,FOODS_1_item_102
102,0,FOODS_1,FOODS_1_item_103
103,0,FOODS_1,FOODS_1_item_104
104,0,FOODS_1,FOODS_1_item_105
105,0,FOODS_1,FOODS_1_item_106
106,0,FOODS_1,FOODS_1_item_107
107,0,FOODS_1,FOODS_1_item_108
108,0,FOODS_1,FOODS_1_item_109
109,0,FOODS_1,FOODS_1_item_110
110,0,FOODS_1,FOODS_1_item_111
111,0,FOODS_1,FOODS_1_item_112
112,0,FOODS_1,FOODS_1_item_113
113,0,FOODS_1,FOODS_1_item_114
114,0,FOODS_1,FOODS_1_item_115
115,0,FOODS_1,FOODS_1_item_116
116,0,FOODS_1,FOODS_1_item_117
117,0,FOODS_1,FOODS_1_item_118
118,0,FOODS_1,FOODS_1_item_119
119,0,FOODS_1,FOODS_1_item_120
120,0,FOODS_1,FOODS_1_item_121
121,0,FOODS_1,FOODS_1_item_122
122,0,FOODS_1,FOODS_1_item_123
123,0,FOODS_1,FOODS_1_item_124
124,0,FOODS_1,FOODS_1_item_125
125,0,FOODS_1,FOODS_1_item_126
126,0,FOODS_1,FOODS_1_item_127
127,0,FOODS_1,FOODS_1_item_128
128,0,FOODS_1,FOODS_1_item_129
129,0,FOODS_1,FOODS_1_item_130
130,0,FOODS_1,FOODS_1_item_131
131,0,FOODS_1,FOODS_1_item_132
132,0,FOODS_1,FOODS_1_item_133
133,0,FOODS_1,FOODS_1_item_134
134,0,FOODS_1,FOODS_1_item_135
135,0,FOODS_1,FOODS_1_item_136
136,0,FOODS_1,FOODS_1_item_137
137,0,FOODS_1,FOODS_1_item_138
138,0,FOODS_1,FOODS_1_item_139
139,0,FOODS_1,FOODS_1_item_140
140,0,FOODS_1,FOODS_1_item_141
141,0,FOODS_1,FOODS_1_item_142
142,0,FOODS_1,FOODS_1_item_143
143,0,FOODS_1,FOODS_1_item_144
144,0,FOODS_1,FOODS_1_item_145
145,0,FOODS_1,FOODS_1_item_146
146,0,FOODS_1,FOODS_1_item_147
147,0,FOODS_1,FOODS_1_item_148
148,0,FOODS_1,FOODS_1_item_149
149,0,FOODS_1,FOODS_1_item_150
150,0,FOODS_1,FOODS_1_item_151
151,0,FOODS_1,FOODS_1_item_152
152,0,FOODS_1,FOODS_1_item_153
153,0,FOODS_1,FOODS_1_item_154
154,0,FOODS_1,FOODS_1_item_155
155,0,FOODS_1,FOODS_1_item_156
156,0,FOODS_1,FOODS_1_item_157
157,0,FOODS_1,FOODS_1_item_158
158,0,FOODS_1,FOODS_1_item_159
159,0,FOODS_1,FOODS_1_item_160
160,0,FOODS_1,FOODS_1_item_161
161,0,FOODS_1,FOODS_1_item_162
162,0,FOODS_1,FOODS_1_item_163
163,0,FOODS_1,FOODS_1_item_164
164,0,FOODS_1,FOODS_1_item_165
165,0,FOODS_1,FOODS_1_item_166
166,0,FOODS_1,FOODS_1_item_167
167,0,FOODS_1,FOODS_1_item_168
168,0,FOODS_1,FOODS_1_item_169
169,0,FOODS_1,FOODS_1_item_170
170,0,FOODS_1,FOODS_1_item_171
171,0,FOODS_1,FOODS_1_item_172
172,0,FOODS_1,FOODS_1_item_173
173,0,FOODS_1,FOODS_1_item_174
174,0,FOODS_1,FOODS_1_item_175
175,0,FOODS_1,FOODS_1_item_176
176,0,FOODS_1,FOODS_1_item_177
177,0,FOODS_1,FOODS_1_item_178
178,0,FOODS_1,FOODS_1_item_179
179,0,FOODS_1,FOODS_1_item_180
180,0,FOODS_1,FOODS_1_item_181
181,0,FOODS_1,FOODS_1_item_182
182,0,FOODS_1,FOODS_1_item_183
183,0,FOODS_1,FOODS_1_item_184
184,0,FOODS_1,FOODS_1_item_185
185,0,FOODS_1,FOODS_1_item_186
186,0,FOODS_1,FOODS_1_item_187
187,0,FOODS_1,FOODS_1_item_188
188,0,FOODS_1,FOODS_1_item_189
189,0,FOODS_1,FOODS_1_item_190
190,0,FOODS_1,FOODS_1_item_191
191,0,FOODS_1,FOODS_1_item_192
192,0,FOODS_1,FOODS_1_item_193
193,0,FOODS_1,FOODS_1_item_194
194,0,FOODS_1,FOODS_1_item_195
195,0,FOODS_1,FOODS_1_item_196
196,0,FOODS_1,FOODS_1_item_197
197,0,FOODS_1,FOODS_1_item_198
198,0,FOODS_1,FOODS_1_item_199
199,0,FOODS_1,FOODS_1_item_200
200,0,FOODS_1,FOODS_1_item_201
201,0,FOODS_1,FOODS_1_item_202
202,0,FOODS_1,FOODS_1_item_203
203,0,FOODS_1,FOODS_1_item_204
204,0,FOODS_1,FOODS_1_item_205
205,0,FOODS_1,FOODS_1_item_206
206,0,FOODS_1,FOODS_1_item_207
207,0,FOODS_1,FOODS_1_item_208
208,0,FOODS_1,FOODS_1_item_209
209,0,FOODS_1,FOODS_1_item_210
210,0,FOODS_1,FOODS_1_item_211
211,0,FOODS_1,FOODS_1_item_212
212,0,FOODS_1,FOODS_1_item_213
213,0,FOODS_1,FOODS_1_item_214
214,0,FOODS_1,FOODS_1_item_215
215,0,FOODS_1,FOODS_1_item_216
216,1,FOODS_2,FOODS_2_item_1
217,1,FOODS_2,FOODS_2_item_2
218,1,FOODS_2,FOODS_2_item_3
219,1,FOODS_2,FOODS_2_item_4
220,1,FOODS_2,FOODS_2_item_5
221,1,FOODS_2,FOODS_2_item_6
222,1,FOODS_2,FOODS_2_item_7
223,1,FOODS_2,FOODS_2_item_8
224,1,FOODS_2,FOODS_2_item_9
225,1,FOODS_2,FOODS_2_item_10
226,1,FOODS_2,FOODS_2_item_11
227,1,FOODS_2,FOODS_2_item_12
228,1,FOODS_2,FOODS_2_item_13
229,1,FOODS_2,FOODS_2_item_14
230,1,FOODS_2,FOODS_2_item_15
231,1,FOODS_2,FOODS_2_item_16
232,1,FOODS_2,FOODS_2_item_17
233,1,FOODS_2,FOODS_2_item_18
234,1,FOODS_2,FOODS_2_item_19
235,1,FOODS_2,FOODS_2_item_20
236,1,FOODS_2,FOODS_2_item_21
237,1,FOODS_2,FOODS_2_item_22
238,1,FOODS_2,FOODS_2_item_23
239,1,FOODS_2,FOODS_2_item_24
240,1,FOODS_2,FOODS_2_item_25
241,1,FOODS_2,FOODS_2_item_26
242,1,FOODS_2,FOODS_2_item_27
243,1,FOODS_2,FOODS_2_item_28
244,1,FOODS_2,FOODS_2_item_29
245,1,FOODS_2,FOODS_2_item_30
246,1,FOODS_2,FOODS_2_item_31
247,1,FOODS_2,FOODS_2_item_32
248,1,FOODS_2,FOODS_2_item_33
249,1,FOODS_2,FOODS_2_item_34
250,1,FOODS_2,FOODS_2_item_35
251,1,FOODS_2,FOODS_2_item_36
252,1,FOODS_2,FOODS_2_item_37
253,1,FOODS_2,FOODS_2_item_38
254,1,FOODS_2,FOODS_2_item_39
255,1,FOODS_2,FOODS_2_item_40
256,1,FOODS_2,FOODS_2_item_41
257,1,FOODS_2,FOODS_2_item_42
258,1,FOODS_2,FOODS_2_item_43
259,1,FOODS_2,FOODS_2_item_44
260,1,FOODS_2,FOODS_2_item_45
261,1,FOODS_2,FOODS_2_item_46
262,1,FOODS_2,FOODS_2_item_47
263,1,FOODS_2,FOODS_2_item_48
264,1,FOODS_2,FOODS_2_item_49
265,1,FOODS_2,FOODS_2_item_50
266,1,FOODS_2,FOODS_2_item_51
267,1,FOODS_2,FOODS_2_item_52
268,1,FOODS_2,FOODS_2_item_53
269,1,FOODS_2,FOODS_2_item_54
270,1,FOODS_2,FOODS_2_item_55
271,1,FOODS_2,FOODS_2_item_56
272,1,FOODS_2,FOODS_2_item_57
273,1,FOODS_2,FOODS_2_item_58
274,1,FOODS_2,FOODS_2_item_59
275,1,FOODS_2,FOODS_2_item_60
276,1,FOODS_2,FOODS_2_item_61
277,1,FOODS_2,FOODS_2_item_62
278,1,FOODS_2,FOODS_2_item_63
279,1,FOODS_2,FOODS_2_item_64
280,1,FOODS_2,FOODS_2_item_65
281,1,FOODS_2,FOODS_2_item_66
282,1,FOODS_2,FOODS_2_item_67
283,1,FOODS_2,FOODS_2_item_68
284,1,FOODS_2,FOODS_2_item_69
285,1,FOODS_2,FOODS_2_item_70
286,1,FOODS_2,FOODS_2_item_71
287,1,FOODS_2,FOODS_2_item_72
288,1,FOODS_2,FOODS_2_item_73
289,1,FOODS_2,FOODS_2_item_74
290,1,FOODS_2,FOODS_2_item_75
291,1,FOODS_2,FOODS_2_item_76
292,1,FOODS_2,FOODS_2_item_77
293,1,FOODS_2,FOODS_2_item_78
294,1,FOODS_2,FOODS_2_item_79
295,1,FOODS_2,FOODS_2_item_80
296,1,FOODS_2,FOODS_2_item_81
297,1,FOODS_2,FOODS_2_item_82
298,1,FOODS_2,FOODS_2_item_83
299,1,FOODS_2,FOODS_2_item_84
300,1,FOODS_2,FOODS_2_item_85
301,1,FOODS_2,FOODS_2_item_86
302,1,FOODS_2,FOODS_2_item_87
303,1,FOODS_2,FOODS_2_item_88
304,1,FOODS_2,FOODS_2_item_89
305,1,FOODS_2,FOODS_2_item_90
306,1,FOODS_2,FOODS_2_item_91
307,1,FOODS_2,FOODS_2_item_92
308,1,FOODS_2,FOODS_2_item_93
309,1,FOODS_2,FOODS_2_item_94
310,1,FOODS_2,FOODS_2_item_95
311,1,FOODS_2,FOODS_2_item_96
312,1,FOODS_2,FOODS_2_item_97
313,1,FOODS_2,FOODS_2_item_98
314,1,FOODS_2,FOODS_2_item_99
315,1,FOODS_2,FOODS_2_item_100
316,1,FOODS_2,FOODS_2_item_101
317,1,FOODS_2,FOODS_2_item_102
318,1,FOODS_2,FOODS_2_item_103
319,1,FOODS_2,FOODS_2_item_104
320,1,FOODS_2,FOODS_2_item_105
321,1,FOODS_2,FOODS_2_item_106
322,1,FOODS_2,FOODS_2_item_107
323,1,FOODS_2,FOODS_2_item_108
324,1,FOODS_2,FOODS_2_item_109
325,1,FOODS_2,FOODS_2_item_110
326,1,FOODS_2,FOODS_2_item_111
327,1,FOODS_2,FOODS_2_item_112
328,1,FOODS_2,FOODS_2_item_113
329,1,FOODS_2,FOODS_2_item_114
330,1,FOODS_2,FOODS_2_item_115
331,1,FOODS_2,FOODS_2_item_116
332,1,FOODS_2,FOODS_2_item_117
333,1,FOODS_2,FOODS_2_item_118
334,1,FOODS_2,FOODS_2_item_119
335,1,FOODS_2,FOODS_2_item_120
336,1,FOODS_2,FOODS_2_item_121
337,1,FOODS_2,FOODS_2_item_122
338,1,FOODS_2,FOODS_2_item_123
339,1,FOODS_2,FOODS_2_item_124
340,1,FOODS_2,FOODS_2_item_125
341,1,FOODS_2,FOODS_2_item_126
342,1,FOODS_2,FOODS_2_item_127
343,1,FOODS_2,FOODS_2_item_128
344,1,FOODS_2,FOODS_2_item_129
345,1,FOODS_2,FOODS_2_item_130
346,1,FOODS_2,FOODS_2_item_131
347,1,FOODS_2,FOODS_2_item_132
348,1,FOODS_2,FOODS_2_item_133
349,1,FOODS_2,FOODS_2_item_134
350,1,FOODS_2,FOODS_2_item_135
351,1,FOODS_2,FOODS_2_item_136
352,1,FOODS_2,FOODS_2_item_137
353,1,FOODS_2,FOODS_2_item_138
354,1,FOODS_2,FOODS_2_item_139
355,1,FOODS_2,FOODS_2_item_140
356,1,FOODS_2,FOODS_2_item_141
357,1,FOODS_2,FOODS_2_item_142
358,1,FOODS_2,FOODS_2_item_143
359,1,FOODS_2,FOODS_2_item_144
360,1,FOODS_2,FOODS_2_item_145
361,1,FOODS_2,FOODS_2_item_146
362,1,FOODS_2,FOODS_2_item_147
363,1,FOODS_2,FOODS_2_item_148
364,1,FOODS_2,FOODS_2_item_149
365,1,FOODS_2,FOODS_2_item_150
366,1,FOODS_2,FOODS_2_item_151
367,1,FOODS_2,FOODS_2_item_152
368,1,FOODS_2,FOODS_2_item_153
369,1,FOODS_2,FOODS_2_item_154
370,1,FOODS_2,FOODS_2_item_155
371,1,FOODS_2,FOODS_2_item_156
372,1,FOODS_2,FOODS_2_item_157
373,1,FOODS_2,FOODS_2_item_158
374,1,FOODS_2,FOODS_2_item_159
375,1,FOODS_2,FOODS_2_item_160
376,1,FOODS_2,FOODS_2_item_161
377,1,FOODS_2,FOODS_2_item_162
378,1,FOODS_2,FOODS_2_item_163
379,1,FOODS_2,FOODS_2_item_164
380,1,FOODS_2,FOODS_2_item_165
381,1,FOODS_2,FOODS_2_item_166
382,1,FOODS_2,FOODS_2_item_167
383,1,FOODS_2,FOODS_2_item_168
384,1,FOODS_2,FOODS_2_item_169
385,1,FOODS_2,FOODS_2_item_170
386,1,FOODS_2,FOODS_2_item_171
387,1,FOODS_2,FOODS_2_item_172
388,1,FOODS_2,FOODS_2_item_173
389,1,FOODS_2,FOODS_2_item_174
390,1,FOODS_2,FOODS_2_item_175
391,1,FOODS_2,FOODS_2_item_176
392,1,FOODS_2,FOODS_2_item_177
393,1,FOODS_2,FOODS_2_item_178
394,1,FOODS_2,FOODS_2_item_179
395,1,FOODS_2,FOODS_2_item_180
396,1,FOODS_2,FOODS_2_item_181
397,1,FOODS_2,FOODS_2_item_182
398,1,FOODS_2,FOODS_2_item_183
399,1,FOODS_2,FOODS_2_item_184
400,1,FOODS_2,FOODS_2_item_185
401,1,FOODS_2,FOODS_2_item_186
402,1,FOODS_2,FOODS_2_item_187
403,1,FOODS_2,FOODS_2_item_188
404,1,FOODS_2,FOODS_2_item_189
405,1,FOODS_2,FOODS_2_item_190
406,1,FOODS_2,FOODS_2_item_191
407,1,FOODS_2,FOODS_2_item_192
408,1,FOODS_2,FOODS_2_item_193
409,1,FOODS_2,FOODS_2_item_194
410,1,FOODS_2,FOODS_2_item_195
411,1,FOODS_2,FOODS_2_item_196
412,1,FOODS_2,FOODS_2_item_197
413,1,FOODS_2,FOODS_2_item_198
414,1,FOODS_2,FOODS_2_item_199
415,1,FOODS_2,FOODS_2_item_200
416,1,FOODS_2,FOODS_2_item_201
417,1,FOODS_2,FOODS_2_item_202
418,1,FOODS_2,FOODS_2_item_203
419,1,FOODS_2,FOODS_2_item_204
420,1,FOODS_2,FOODS_2_item_205
421,1,FOODS_2,FOODS_2_item_206
422,1,FOODS_2,FOODS_2_item_207
423,1,FOODS_2,FOODS_2_item_208
424,1,FOODS_2,FOODS_2_item_209
425,1,FOODS_2,FOODS_2_item_210
426,1,FOODS_2,FOODS_2_item_211
427,1,FOODS_2,FOODS_2_item_212
428,1,FOODS_2,FOODS_2_item_213
429,1,FOODS_2,FOODS_2_item_214
430,1,FOODS_2,FOODS_2_item_215
431,1,FOODS_2,FOODS_2_item_216
432,1,FOODS_2,FOODS_2_item_217
433,1,FOODS_2,FOODS_2_item_218
434,1,FOODS_2,FOODS_2_item_219
435,1,FOODS_2,FOODS_2_item_220
436,1,FOODS_2,FOODS_2_item_221
437,1,FOODS_2,FOODS_2_item_222
438,1,FOODS_2,FOODS_2_item_223
439,1,FOODS_2,FOODS_2_item_224
440,1,FOODS_2,FOODS_2_item_225
441,1,FOODS_2,FOODS_2_item_226
442,1,FOODS_2,FOODS_2_item_227
443,1,FOODS_2,FOODS_2_item_228
444,1,FOODS_2,FOODS_2_item_229
445,1,FOODS_2,FOODS_2_item_230
446,1,FOODS_2,FOODS_2_item_231
447,1,FOODS_2,FOODS_2_item_232
448,1,FOODS_2,FOODS_2_item_233
449,1,FOODS_2,FOODS_2_item_234
450,1,FOODS_2,FOODS_2_item_235
451,1,FOODS_2,FOODS_2_item_236
452,1,FOODS_2,FOODS_2_item_237
453,1,FOODS_2,FOODS_2_item_238
454,1,FOODS_2,FOODS_2_item_239
455,1,FOODS_2,FOODS_2_item_240
456,1,FOODS_2,FOODS_2_item_241
457,1,FOODS_2,FOODS_2_item_242
458,1,FOODS_2,FOODS_2_item_243
459,1,FOODS_2,FOODS_2_item_244
460,1,FOODS_2,FOODS_2_item_245
461,1,FOODS_2,FOODS_2_item_246
462,1,FOODS_2,FOODS_2_item_247
463,1,FOODS_2,FOODS_2_item_248
464,1,FOODS_2,FOODS_2_item_249
465,1,FOODS_2,FOODS_2_item_250
466,1,FOODS_2,FOODS_2_item_251
467,1,FOODS_2,FOODS_2_item_252
468,1,FOODS_2,FOODS_2_item_253
469,1,FOODS_2,FOODS_2_item_254
470,1,FOODS_2,FOODS_2_item_255
471,1,FOODS_2,FOODS_2_item_256
472,1,FOODS_2,FOODS_2_item_257
473,1,FOODS_2,FOODS_2_item_258
474,1,FOODS_2,FOODS_2_item_259
475,1,FOODS_2,FOODS_2_item_260
476,1,FOODS_2,FOODS_2_item_261
477,1,FOODS_2,FOODS_2_item_262
478,1,FOODS_2,FOODS_2_item_263
479,1,FOODS_2,FOODS_2_item_264
480,1,FOODS_2,FOODS_2_item_265
481,1,FOODS_2,FOODS_2_item_266
482,1,FOODS_2,FOODS_2_item_267
483,1,FOODS_2,FOODS_2_item_268
484,1,FOODS_2,FOODS_2_item_269
485,1,FOODS_2,FOODS_2_item_270
486,1,FOODS_2,FOODS_2_item_271
487,1,FOODS_2,FOODS_2_item_272
488,1,FOODS_2,FOODS_2_item_273
489,1,FOODS_2,FOODS_2_item_274
490,1,FOODS_2,FOODS_2_item_275
491,1,FOODS_2,FOODS_2_item_276
492,1,FOODS_2,FOODS_2_item_277
493,1,FOODS_2,FOODS_2_item_278
494,1,FOODS_2,FOODS_2_item_279
495,1,FOODS_2,FOODS_2_item_280
496,1,FOODS_2,FOODS_2_item_281
497,1,FOODS_2,FOODS_2_item_282
498,1,FOODS_2,FOODS_2_item_283
499,1,FOODS_2,FOODS_2_item_284
500,1,FOODS_2,FOODS_2_item_285
501,1,FOODS_2,FOODS_2_item_286
502,1,FOODS_2,FOODS_2_item_287
503,1,FOODS_2,FOODS_2_item_288
504,1,FOODS_2,FOODS_2_item_289
505,1,FOODS_2,FOODS_2_item_290
506,1,FOODS_2,FOODS_2_item_291
507,1,FOODS_2,FOODS_2_item_292
508,1,FOODS_2,FOODS_2_item_293
509,1,FOODS_2,FOODS_2_item_294
510,1,FOODS_2,FOODS_2_item_295
511,1,FOODS_2,FOODS_2_item_296
512,1,FOODS_2,FOODS_2_item_297
513,1,FOODS_2,FOODS_2_item_298
514,1,FOODS_2,FOODS_2_item_299
515,1,FOODS_2,FOODS_2_item_300
516,1,FOODS_2,FOODS_2_item_301
517,1,FOODS_2,FOODS_2_item_302
518,1,FOODS_2,FOODS_2_item_303
519,1,FOODS_2,FOODS_2_item_304
520,1,FOODS_2,FOODS_2_item_305
521,1,FOODS_2,FOODS_2_item_306
522,1,FOODS_2,FOODS_2_item_307
523,1,FOODS_2,FOODS_2_item_308
524,1,FOODS_2,FOODS_2_item_309
525,1,FOODS_2,FOODS_2_item_310
526,1,FOODS_2,FOODS_2_item_311
527,1,FOODS_2,FOODS_2_item_312
528,1,FOODS_2,FOODS_2_item_313
529,1,FOODS_2,FOODS_2_item_314
530,1,FOODS_2,FOODS_2_item_315
531,1,FOODS_2,FOODS_2_item_316
532,1,FOODS_2,FOODS_2_item_317
533,1,FOODS_2,FOODS_2_item_318
534,1,FOODS_2,FOODS_2_item_319
535,1,FOODS_2,FOODS_2_item_320
536,1,FOODS_2,FOODS_2_item_321
537,1,FOODS_2,FOODS_2_item_322
538,1,FOODS_2,FOODS_2_item_323
539,1,FOODS_2,FOODS_2_item_324
540,1,FOODS_2,FOODS_2_item_325
541,1,FOODS_2,FOODS_2_item_326
542,1,FOODS_2,FOODS_2_item_327
543,1,FOODS_2,FOODS_2_item_328
544,1,FOODS_2,FOODS_2_item_329
545,1,FOODS_2,FOODS_2_item_330
546,1,FOODS_2,FOODS_2_item_331
547,1,FOODS_2,FOODS_2_item_332
548,1,FOODS_2,FOODS_2_item_333
549,1,FOODS_2,FOODS_2_item_334
550,1,FOODS_2,FOODS_2_item_335
551,1,FOODS_2,FOODS_2_item_336
552,1,FOODS_2,FOODS_2_item_337
553,1,FOODS_2,FOODS_2_item_338
554,1,FOODS_2,FOODS_2_item_339
555,1,FOODS_2,FOODS_2_item_340
556,1,FOODS_2,FOODS_2_item_341
557,1,FOODS_2,FOODS_2_item_342
558,1,FOODS_2,FOODS_2_item_343
559,1,FOODS_2,FOODS_2_item_344
560,1,FOODS_2,FOODS_2_item_345
561,1,FOODS_2,FOODS_2_item_346
562,1,FOODS_2,FOODS_2_item_347
563,1,FOODS_2,FOODS_2_item_348
564,1,FOODS_2,FOODS_2_item_349
565,1,FOODS_2,FOODS_2_item_350
566,1,FOODS_2,FOODS_2_item_351
567,1,FOODS_2,FOODS_2_item_352
568,1,FOODS_2,FOODS_2_item_353
569,1,FOODS_2,FOODS_2_item_354
570,1,FOODS_2,FOODS_2_item_355
571,1,FOODS_2,FOODS_2_item_356
572,1,FOODS_2,FOODS_2_item_357
573,1,FOODS_2,FOODS_2_item_358
574,1,FOODS_2,FOODS_2_item_359
575,1,FOODS_2,FOODS_2_item_360
576,1,FOODS_2,FOODS_2_item_361
577,1,FOODS_2,FOODS_2_item_362
578,1,FOODS_2,FOODS_2_item_363
579,1,FOODS_2,FOODS_2_item_364
580,1,FOODS_2,FOODS_2_item_365
581,1,FOODS_2,FOODS_2_item_366
582,1,FOODS_2,FOODS_2_item_367
583,1,FOODS_2,FOODS_2_item_368
584,1,FOODS_2,FOODS_2_item_369
585,1,FOODS_2,FOODS_2_item_370
586,1,FOODS_2,FOODS_2_item_371
587,1,FOODS_2,FOODS_2_item_372
588,1,FOODS_2,FOODS_2_item_373
589,1,FOODS_2,FOODS_2_item_374
590,1,FOODS_2,FOODS_2_item_375
591,1,FOODS_2,FOODS_2_item_376
592,1,FOODS_2,FOODS_2_item_377
593,1,FOODS_2,FOODS_2_item_378
594,1,FOODS_2,FOODS_2_item_379
595,1,FOODS_2,FOODS_2_item_380
596,1,FOODS_2,FOODS_2_item_381
597,1,FOODS_2,FOODS_2_item_382
598,1,FOODS_2,FOODS_2_item_383
599,1,FOODS_2,FOODS_2_item_384
600,1,FOODS_2,FOODS_2_item_385
601,1,FOODS_2,FOODS_2_item_386
602,1,FOODS_2,FOODS_2_item_387
603,1,FOODS_2,FOODS_2_item_388
604,1,FOODS_2,FOODS_2_item_389
605,1,FOODS_2,FOODS_2_item_390
606,1,FOODS_2,FOODS_2_item_391
607,1,FOODS_2,FOODS_2_item_392
608,1,FOODS_2,FOODS_2_item_393
609,1,FOODS_2,FOODS_2_item_394
610,1,FOODS_2,FOODS_2_item_395
611,1,FOODS_2,FOODS_2_item_396
612,1,FOODS_2,FOODS_2_item_397
613,1,FOODS_2,FOODS_2_item_398
614,2,FOODS_3,FOODS_3_item_1
615,2,FOODS_3,FOODS_3_item_2
616,2,FOODS_3,FOODS_3_item_3
617,2,FOODS_3,FOODS_3_item_4
618,2,FOODS_3,FOODS_3_item_5
619,2,FOODS_3,FOODS_3_item_6
620,2,FOODS_3,FOODS_3_item_7
621,2,FOODS_3,FOODS_3_item_8
622,2,FOODS_3,FOODS_3_item_9
623,2,FOODS_3,FOODS_3_item_10
624,2,FOODS_3,FOODS_3_item_11
625,2,FOODS_3,FOODS_3_item_12
626,2,FOODS_3,FOODS_3_item_13
627,2,FOODS_3,FOODS_3_item_14
628,2,FOODS_3,FOODS_3_item_15
629,2,FOODS_3,FOODS_3_item_16
630,2,FOODS_3,FOODS_3_item_17
631,2,FOODS_3,FOODS_3_item_18
632,2,FOODS_3,FOODS_3_item_19
633,2,FOODS_3,FOODS_3_item_20
634,2,FOODS_3,FOODS_3_item_21
635,2,FOODS_3,FOODS_3_item_22
636,2,FOODS_3,FOODS_3_item_23
637,2,FOODS_3,FOODS_3_item_24
638,2,FOODS_3,FOODS_3_item_25
639,2,FOODS_3,FOODS_3_item_26
640,2,FOODS_3,FOODS_3_item_27
641,2,FOODS_3,FOODS_3_item_28
642,2,FOODS_3,FOODS_3_item_29
643,2,FOODS_3,FOODS_3_item_30
644,2,FOODS_3,FOODS_3_item_31
645,2,FOODS_3,FOODS_3_item_32
646,2,FOODS_3,FOODS_3_item_33
647,2,FOODS_3,FOODS_3_item_34
648,2,FOODS_3,FOODS_3_item_35
649,2,FOODS_3,FOODS_3_item_36
650,2,FOODS_3,FOODS_3_item_37
651,2,FOODS_3,FOODS_3_item_38
652,2,FOODS_3,FOODS_3_item_39
653,2,FOODS_3,FOODS_3_item_40
654,2,FOODS_3,FOODS_3_item_41
655,2,FOODS_3,FOODS_3_item_42
656,2,FOODS_3,FOODS_3_item_43
657,2,FOODS_3,FOODS_3_item_44
658,2,FOODS_3,FOODS_3_item_45
659,2,FOODS_3,FOODS_3_item_46
660,2,FOODS_3,FOODS_3_item_47
661,2,FOODS_3,FOODS_3_item_48
662,2,FOODS_3,FOODS_3_item_49
663,2,FOODS_3,FOODS_3_item_50
664,2,FOODS_3,FOODS_3_item_51
665,2,FOODS_3,FOODS_3_item_52
666,2,FOODS_3,FOODS_3_item_53
667,2,FOODS_3,FOODS_3_item_54
668,2,FOODS_3,FOODS_3_item_55
669,2,FOODS_3,FOODS_3_item_56
670,2,FOODS_3,FOODS_3_item_57
671,2,FOODS_3,FOODS_3_item_58
672,2,FOODS_3,FOODS_3_item_59
673,2,FOODS_3,FOODS_3_item_60
674,2,FOODS_3,FOODS_3_item_61
675,2,FOODS_3,FOODS_3_item_62
676,2,FOODS_3,FOODS_3_item_63
677,2,FOODS_3,FOODS_3_item_64
678,2,FOODS_3,FOODS_3_item_65
679,2,FOODS_3,FOODS_3_item_66
680,2,FOODS_3,FOODS_3_item_67
681,2,FOODS_3,FOODS_3_item_68
682,2,FOODS_3,FOODS_3_item_69
683,2,FOODS_3,FOODS_3_item_70
684,2,FOODS_3,FOODS_3_item_71
685,2,FOODS_3,FOODS_3_item_72
686,2,FOODS_3,FOODS_3_item_73
687,2,FOODS_3,FOODS_3_item_74
688,2,FOODS_3,FOODS_3_item_75
689,2,FOODS_3,FOODS_3_item_76
690,2,FOODS_3,FOODS_3_item_77
691,2,FOODS_3,FOODS_3_item_78
692,2,FOODS_3,FOODS_3_item_79
693,2,FOODS_3,FOODS_3_item_80
694,2,FOODS_3,FOODS_3_item_81
695,2,FOODS_3,FOODS_3_item_82
696,2,FOODS_3,FOODS_3_item_83
697,2,FOODS_3,FOODS_3_item_84
698,2,FOODS_3,FOODS_3_item_85
699,2,FOODS_3,FOODS_3_item_86
700,2,FOODS_3,FOODS_3_item_87
701,2,FOODS_3,FOODS_3_item_88
702,2,FOODS_3,FOODS_3_item_89
703,2,FOODS_3,FOODS_3_item_90
704,2,FOODS_3,FOODS_3_item_91
705,2,FOODS_3,FOODS_3_item_92
706,2,FOODS_3,FOODS_3_item_93
707,2,FOODS_3,FOODS_3_item_94
708,2,FOODS_3,FOODS_3_item_95
709,2,FOODS_3,FOODS_3_item_96
710,2,FOODS_3,FOODS_3_item_97
711,2,FOODS_3,FOODS_3_item_98
712,2,FOODS_3,FOODS_3_item_99
713,2,FOODS_3,FOODS_3_item_100
714,2,FOODS_3,FOODS_3_item_101
715,2,FOODS_3,FOODS_3_item_102
716,2,FOODS_3,FOODS_3_item_103
717,2,FOODS_3,FOODS_3_item_104
718,2,FOODS_3,FOODS_3_item_105
719,2,FOODS_3,FOODS_3_item_106
720,2,FOODS_3,FOODS_3_item_107
721,2,FOODS_3,FOODS_3_item_108
722,2,FOODS_3,FOODS_3_item_109
723,2,FOODS_3,FOODS_3_item_110
724,2,FOODS_3,FOODS_3_item_111
725,2,FOODS_3,FOODS_3_item_112
726,2,FOODS_3,FOODS_3_item_113
727,2,FOODS_3,FOODS_3_item_114
728,2,FOODS_3,FOODS_3_item_115
729,2,FOODS_3,FOODS_3_item_116
730,2,FOODS_3,FOODS_3_item_117
731,2,FOODS_3,FOODS_3_item_118
732,2,FOODS_3,FOODS_3_item_119
733,2,FOODS_3,FOODS_3_item_120
734,2,FOODS_3,FOODS_3_item_121
735,2,FOODS_3,FOODS_3_item_122
736,2,FOODS_3,FOODS_3_item_123
737,2,FOODS_3,FOODS_3_item_124
738,2,FOODS_3,FOODS_3_item_125
739,2,FOODS_3,FOODS_3_item_126
740,2,FOODS_3,FOODS_3_item_127
741,2,FOODS_3,FOODS_3_item_128
742,2,FOODS_3,FOODS_3_item_129
743,2,FOODS_3,FOODS_3_item_130
744,2,FOODS_3,FOODS_3_item_131
745,2,FOODS_3,FOODS_3_item_132
746,2,FOODS_3,FOODS_3_item_133
747,2,FOODS_3,FOODS_3_item_134
748,2,FOODS_3,FOODS_3_item_135
749,2,FOODS_3,FOODS_3_item_136
750,2,FOODS_3,FOODS_3_item_137
751,2,FOODS_3,FOODS_3_item_138
752,2,FOODS_3,FOODS_3_item_139
753,2,FOODS_3,FOODS_3_item_140
754,2,FOODS_3,FOODS_3_item_141
755,2,FOODS_3,FOODS_3_item_142
756,2,FOODS_3,FOODS_3_item_143
757,2,FOODS_3,FOODS_3_item_144
758,2,FOODS_3,FOODS_3_item_145
759,2,FOODS_3,FOODS_3_item_146
760,2,FOODS_3,FOODS_3_item_147
761,2,FOODS_3,FOODS_3_item_148
762,2,FOODS_3,FOODS_3_item_149
763,2,FOODS_3,FOODS_3_item_150
764,2,FOODS_3,FOODS_3_item_151
765,2,FOODS_3,FOODS_3_item_152
766,2,FOODS_3,FOODS_3_item_153
767,2,FOODS_3,FOODS_3_item_154
768,2,FOODS_3,FOODS_3_item_155
769,2,FOODS_3,FOODS_3_item_156
770,2,FOODS_3,FOODS_3_item_157
771,2,FOODS_3,FOODS_3_item_158
772,2,FOODS_3,FOODS_3_item_159
773,2,FOODS_3,FOODS_3_item_160
774,2,FOODS_3,FOODS_3_item_161
775,2,FOODS_3,FOODS_3_item_162
776,2,FOODS_3,FOODS_3_item_163
777,2,FOODS_3,FOODS_3_item_164
778,2,FOODS_3,FOODS_3_item_165
779,2,FOODS_3,FOODS_3_item_166
780,2,FOODS_3,FOODS_3_item_167
781,2,FOODS_3,FOODS_3_item_168
782,2,FOODS_3,FOODS_3_item_169
783,2,FOODS_3,FOODS_3_item_170
784,2,FOODS_3,FOODS_3_item_171
785,2,FOODS_3,FOODS_3_item_172
786,2,FOODS_3,FOODS_3_item_173
787,2,FOODS_3,FOODS_3_item_174
788,2,FOODS_3,FOODS_3_item_175
789,2,FOODS_3,FOODS_3_item_176
790,2,FOODS_3,FOODS_3_item_177
791,2,FOODS_3,FOODS_3_item_178
792,2,FOODS_3,FOODS_3_item_179
793,2,FOODS_3,FOODS_3_item_180
794,2,FOODS_3,FOODS_3_item_181
795,2,FOODS_3,FOODS_3_item_182
796,2,FOODS_3,FOODS_3_item_183
797,2,FOODS_3,FOODS_3_item_184
798,2,FOODS_3,FOODS_3_item_185
799,2,FOODS_3,FOODS_3_item_186
800,2,FOODS_3,FOODS_3_item_187
801,2,FOODS_3,FOODS_3_item_188
802,2,FOODS_3,FOODS_3_item_189
803,2,FOODS_3,FOODS_3_item_190
804,2,FOODS_3,FOODS_3_item_191
805,2,FOODS_3,FOODS_3_item_192
806,2,FOODS_3,FOODS_3_item_193
807,2,FOODS_3,FOODS_3_item_194
808,2,FOODS_3,FOODS_3_item_195
809,2,FOODS_3,FOODS_3_item_196
810,2,FOODS_3,FOODS_3_item_197
811,2,FOODS_3,FOODS_3_item_198
812,2,FOODS_3,FOODS_3_item_199
813,2,FOODS_3,FOODS_3_item_200
814,2,FOODS_3,FOODS_3_item_201
815,2,FOODS_3,FOODS_3_item_202
816,2,FOODS_3,FOODS_3_item_203
817,2,FOODS_3,FOODS_3_item_204
818,2,FOODS_3,FOODS_3_item_205
819,2,FOODS_3,FOODS_3_item_206
820,2,FOODS_3,FOODS_3_item_207
821,2,FOODS_3,FOODS_3_item_208
822,2,FOODS_3,FOODS_3_item_209
823,2,FOODS_3,FOODS_3_item_210
824,2,FOODS_3,FOODS_3_item_211
825,2,FOODS_3,FOODS_3_item_212
826,2,FOODS_3,FOODS_3_item_213
827,2,FOODS_3,FOODS_3_item_214
828,2,FOODS_3,FOODS_3_item_215
829,2,FOODS_3,FOODS_3_item_216
830,2,FOODS_3,FOODS_3_item_217
831,2,FOODS_3,FOODS_3_item_218
832,2,FOODS_3,FOODS_3_item_219
833,2,FOODS_3,FOODS_3_item_220
834,2,FOODS_3,FOODS_3_item_221
835,2,FOODS_3,FOODS_3_item_222
836,2,FOODS_3,FOODS_3_item_223
837,2,FOODS_3,FOODS_3_item_224
838,2,FOODS_3,FOODS_3_item_225
839,2,FOODS_3,FOODS_3_item_226
840,2,FOODS_3,FOODS_3_item_227
841,2,FOODS_3,FOODS_3_item_228
842,2,FOODS_3,FOODS_3_item_229
843,2,FOODS_3,FOODS_3_item_230
844,2,FOODS_3,FOODS_3_item_231
845,2,FOODS_3,FOODS_3_item_232
846,2,FOODS_3,FOODS_3_item_233
847,2,FOODS_3,FOODS_3_item_234
848,2,FOODS_3,FOODS_3_item_235
849,2,FOODS_3,FOODS_3_item_236
850,2,FOODS_3,FOODS_3_item_237
851,2,FOODS_3,FOODS_3_item_238
852,2,FOODS_3,FOODS_3_item_239
853,2,FOODS_3,FOODS_3_item_240
854,2,FOODS_3,FOODS_3_item_241
855,2,FOODS_3,FOODS_3_item_242
856,2,FOODS_3,FOODS_3_item_243
857,2,FOODS_3,FOODS_3_item_244
858,2,FOODS_3,FOODS_3_item_245
859,2,FOODS_3,FOODS_3_item_246
860,2,FOODS_3,FOODS_3_item_247
861,2,FOODS_3,FOODS_3_item_248
862,2,FOODS_3,FOODS_3_item_249
863,2,FOODS_3,FOODS_3_item_250
864,2,FOODS_3,FOODS_3_item_251
865,2,FOODS_3,FOODS_3_item_252
866,2,FOODS_3,FOODS_3_item_253
867,2,FOODS_3,FOODS_3_item_254
868,2,FOODS_3,FOODS_3_item_255
869,2,FOODS_3,FOODS_3_item_256
870,2,FOODS_3,FOODS_3_item_257
871,2,FOODS_3,FOODS_3_item_258
872,2,FOODS_3,FOODS_3_item_259
873,2,FOODS_3,FOODS_3_item_260
874,2,FOODS_3,FOODS_3_item_261
875,2,FOODS_3,FOODS_3_item_262
876,2,FOODS_3,FOODS_3_item_263
877,2,FOODS_3,FOODS_3_item_264
878,2,FOODS_3,FOODS_3_item_265
879,2,FOODS_3,FOODS_3_item_266
880,2,FOODS_3,FOODS_3_item_267
881,2,FOODS_3,FOODS_3_item_268
882,2,FOODS_3,FOODS_3_item_269
883,2,FOODS_3,FOODS_3_item_270
884,2,FOODS_3,FOODS_3_item_271
885,2,FOODS_3,FOODS_3_item_272
886,2,FOODS_3,FOODS_3_item_273
887,2,FOODS_3,FOODS_3_item_274
888,2,FOODS_3,FOODS_3_item_275
889,2,FOODS_3,FOODS_3_item_276
890,2,FOODS_3,FOODS_3_item_277
891,2,FOODS_3,FOODS_3_item_278
892,2,FOODS_3,FOODS_3_item_279
893,2,FOODS_3,FOODS_3_item_280
894,2,FOODS_3,FOODS_3_item_281
895,2,FOODS_3,FOODS_3_item_282
896,2,FOODS_3,FOODS_3_item_283
897,2,FOODS_3,FOODS_3_item_284
898,2,FOODS_3,FOODS_3_item_285
899,2,FOODS_3,FOODS_3_item_286
900,2,FOODS_3,FOODS_3_item_287
901,2,FOODS_3,FOODS_3_item_288
902,2,FOODS_3,FOODS_3_item_289
903,2,FOODS_3,FOODS_3_item_290
904,2,FOODS_3,FOODS_3_item_291
905,2,FOODS_3,FOODS_3_item_292
906,2,FOODS_3,FOODS_3_item_293
907,2,FOODS_3,FOODS_3_item_294
908,2,FOODS_3,FOODS_3_item_295
909,2,FOODS_3,FOODS_3_item_296
910,2,FOODS_3,FOODS_3_item_297
911,2,FOODS_3,FOODS_3_item_298
912,2,FOODS_3,FOODS_3_item_299
913,2,FOODS_3,FOODS_3_item_300
914,2,FOODS_3,FOODS_3_item_301
915,2,FOODS_3,FOODS_3_item_302
916,2,FOODS_3,FOODS_3_item_303
917,2,FOODS_3,FOODS_3_item_304
918,2,FOODS_3,FOODS_3_item_305
919,2,FOODS_3,FOODS_3_item_306
920,2,FOODS_3,FOODS_3_item_307
921,2,FOODS_3,FOODS_3_item_308
922,2,FOODS_3,FOODS_3_item_309
923,2,FOODS_3,FOODS_3_item_310
924,2,FOODS_3,FOODS_3_item_311
925,2,FOODS_3,FOODS_3_item_312
926,2,FOODS_3,FOODS_3_item_313
927,2,FOODS_3,FOODS_3_item_314
928,2,FOODS_3,FOODS_3_item_315
929,2,FOODS_3,FOODS_3_item_316
930,2,FOODS_3,FOODS_3_item_317
931,2,FOODS_3,FOODS_3_item_318
932,2,FOODS_3,FOODS_3_item_319
933,2,FOODS_3,FOODS_3_item_320
934,2,FOODS_3,FOODS_3_item_321
935,2,FOODS_3,FOODS_3_item_322
936,2,FOODS_3,FOODS_3_item_323
937,2,FOODS_3,FOODS_3_item_324
938,2,FOODS_3,FOODS_3_item_325
939,2,FOODS_3,FOODS_3_item_326
940,2,FOODS_3,FOODS_3_item_327
941,2,FOODS_3,FOODS_3_item_328
942,2,FOODS_3,FOODS_3_item_329
943,2,FOODS_3,FOODS_3_item_330
944,2,FOODS_3,FOODS_3_item_331
945,2,FOODS_3,FOODS_3_item_332
946,2,FOODS_3,FOODS_3_item_333
947,2,FOODS_3,FOODS_3_item_334
948,2,FOODS_3,FOODS_3_item_335
949,2,FOODS_3,FOODS_3_item_336
950,2,FOODS_3,FOODS_3_item_337
951,2,FOODS_3,FOODS_3_item_338
952,2,FOODS_3,FOODS_3_item_339
953,2,FOODS_3,FOODS_3_item_340
954,2,FOODS_3,FOODS_3_item_341
955,2,FOODS_3,FOODS_3_item_342
956,2,FOODS_3,FOODS_3_item_343
957,2,FOODS_3,FOODS_3_item_344
958,2,FOODS_3,FOODS_3_item_345
959,2,FOODS_3,FOODS_3_item_346
960,2,FOODS_3,FOODS_3_item_347
961,2,FOODS_3,FOODS_3_item_348
962,2,FOODS_3,FOODS_3_item_349
963,2,FOODS_3,FOODS_3_item_350
964,2,FOODS_3,FOODS_3_item_351
965,2,FOODS_3,FOODS_3_item_352
966,2,FOODS_3,FOODS_3_item_353
967,2,FOODS_3,FOODS_3_item_354
968,2,FOODS_3,FOODS_3_item_355
969,2,FOODS_3,FOODS_3_item_356
970,2,FOODS_3,FOODS_3_item_357
971,2,FOODS_3,FOODS_3_item_358
972,2,FOODS_3,FOODS_3_item_359
973,2,FOODS_3,FOODS_3_item_360
974,2,FOODS_3,FOODS_3_item_361
975,2,FOODS_3,FOODS_3_item_362
976,2,FOODS_3,FOODS_3_item_363
977,2,FOODS_3,FOODS_3_item_364
978,2,FOODS_3,FOODS_3_item_365
979,2,FOODS_3,FOODS_3_item_366
980,2,FOODS_3,FOODS_3_item_367
981,2,FOODS_3,FOODS_3_item_368
982,2,FOODS_3,FOODS_3_item_369
983,2,FOODS_3,FOODS_3_item_370
984,2,FOODS_3,FOODS_3_item_371
985,2,FOODS_3,FOODS_3_item_372
986,2,FOODS_3,FOODS_3_item_373
987,2,FOODS_3,FOODS_3_item_374
988,2,FOODS_3,FOODS_3_item_375
989,2,FOODS_3,FOODS_3_item_376
990,2,FOODS_3,FOODS_3_item_377
991,2,FOODS_3,FOODS_3_item_378
992,2,FOODS_3,FOODS_3_item_379
993,2,FOODS_3,FOODS_3_item_380
994,2,FOODS_3,FOODS_3_item_381
995,2,FOODS_3,FOODS_3_item_382
996,2,FOODS_3,FOODS_3_item_383
997,2,FOODS_3,FOODS_3_item_384
998,2,FOODS_3,FOODS_3_item_385
999,2,FOODS_3,FOODS_3_item_386
1000,2,FOODS_3,FOODS_3_item_387
1001,2,FOODS_3,FOODS_3_item_388
1002,2,FOODS_3,FOODS_3_item_389
1003,2,FOODS_3,FOODS_3_item_390
1004,2,FOODS_3,FOODS_3_item_391
1005,2,FOODS_3,FOODS_3_item_392
1006,2,FOODS_3,FOODS_3_item_393
1007,2,FOODS_3,FOODS_3_item_394
1008,2,FOODS_3,FOODS_3_item_395
1009,2,FOODS_3,FOODS_3_item_396
1010,2,FOODS_3,FOODS_3_item_397
1011,2,FOODS_3,FOODS_3_item_398
1012,2,FOODS_3,FOODS_3_item_399
1013,2,FOODS_3,FOODS_3_item_400
1014,2,FOODS_3,FOODS_3_item_401
1015,2,FOODS_3,FOODS_3_item_402
1016,2,FOODS_3,FOODS_3_item_403
1017,2,FOODS_3,FOODS_3_item_404
1018,2,FOODS_3,FOODS_3_item_405
1019,2,FOODS_3,FOODS_3_item_406
1020,2,FOODS_3,FOODS_3_item_407
1021,2,FOODS_3,FOODS_3_item_408
1022,2,FOODS_3,FOODS_3_item_409
1023,2,FOODS_3,FOODS_3_item_410
1024,2,FOODS_3,FOODS_3_item_411
1025,2,FOODS_3,FOODS_3_item_412
1026,2,FOODS_3,FOODS_3_item_413
1027,2,FOODS_3,FOODS_3_item_414
1028,2,FOODS_3,FOODS_3_item_415
1029,2,FOODS_3,FOODS_3_item_416
1030,2,FOODS_3,FOODS_3_item_417
1031,2,FOODS_3,FOODS_3_item_418
1032,2,FOODS_3,FOODS_3_item_419
1033,2,FOODS_3,FOODS_3_item_420
1034,2,FOODS_3,FOODS_3_item_421
1035,2,FOODS_3,FOODS_3_item_422
1036,2,FOODS_3,FOODS_3_item_423
1037,2,FOODS_3,FOODS_3_item_424
1038,2,FOODS_3,FOODS_3_item_425
1039,2,FOODS_3,FOODS_3_item_426
1040,2,FOODS_3,FOODS_3_item_427
1041,2,FOODS_3,FOODS_3_item_428
1042,2,FOODS_3,FOODS_3_item_429
1043,2,FOODS_3,FOODS_3_item_430
1044,2,FOODS_3,FOODS_3_item_431
1045,2,FOODS_3,FOODS_3_item_432
1046,2,FOODS_3,FOODS_3_item_433
1047,2,FOODS_3,FOODS_3_item_434
1048,2,FOODS_3,FOODS_3_item_435
1049,2,FOODS_3,FOODS_3_item_436
1050,2,FOODS_3,FOODS_3_item_437
1051,2,FOODS_3,FOODS_3_item_438
1052,2,FOODS_3,FOODS_3_item_439
1053,2,FOODS_3,FOODS_3_item_440
1054,2,FOODS_3,FOODS_3_item_441
1055,2,FOODS_3,FOODS_3_item_442
1056,2,FOODS_3,FOODS_3_item_443
1057,2,FOODS_3,FOODS_3_item_444
1058,2,FOODS_3,FOODS_3_item_445
1059,2,FOODS_3,FOODS_3_item_446
1060,2,FOODS_3,FOODS_3_item_447
1061,2,FOODS_3,FOODS_3_item_448
1062,2,FOODS_3,FOODS_3_item_449
1063,2,FOODS_3,FOODS_3_item_450
1064,2,FOODS_3,FOODS_3_item_451
1065,2,FOODS_3,FOODS_3_item_452
1066,2,FOODS_3,FOODS_3_item_453
1067,2,FOODS_3,FOODS_3_item_454
1068,2,FOODS_3,FOODS_3_item_455
1069,2,FOODS_3,FOODS_3_item_456
1070,2,FOODS_3,FOODS_3_item_457
1071,2,FOODS_3,FOODS_3_item_458
1072,2,FOODS_3,FOODS_3_item_459
1073,2,FOODS_3,FOODS_3_item_460
1074,2,FOODS_3,FOODS_3_item_461
1075,2,FOODS_3,FOODS_3_item_462
1076,2,FOODS_3,FOODS_3_item_463
1077,2,FOODS_3,FOODS_3_item_464
1078,2,FOODS_3,FOODS_3_item_465
1079,2,FOODS_3,FOODS_3_item_466
1080,2,FOODS_3,FOODS_3_item_467
1081,2,FOODS_3,FOODS_3_item_468
1082,2,FOODS_3,FOODS_3_item_469
1083,2,FOODS_3,FOODS_3_item_470
1084,2,FOODS_3,FOODS_3_item_471
1085,2,FOODS_3,FOODS_3_item_472
1086,2,FOODS_3,FOODS_3_item_473
1087,2,FOODS_3,FOODS_3_item_474
1088,2,FOODS_3,FOODS_3_item_475
1089,2,FOODS_3,FOODS_3_item_476
1090,2,FOODS_3,FOODS_3_item_477
1091,2,FOODS_3,FOODS_3_item_478
1092,2,FOODS_3,FOODS_3_item_479
1093,2,FOODS_3,FOODS_3_item_480
1094,2,FOODS_3,FOODS_3_item_481
1095,2,FOODS_3,FOODS_3_item_482
1096,2,FOODS_3,FOODS_3_item_483
1097,2,FOODS_3,FOODS_3_item_484
1098,2,FOODS_3,FOODS_3_item_485
1099,2,FOODS_3,FOODS_3_item_486
1100,2,FOODS_3,FOODS_3_item_487
1101,2,FOODS_3,FOODS_3_item_488
1102,2,FOODS_3,FOODS_3_item_489
1103,2,FOODS_3,FOODS_3_item_490
1104,2,FOODS_3,FOODS_3_item_491
1105,2,FOODS_3,FOODS_3_item_492
1106,2,FOODS_3,FOODS_3_item_493
1107,2,FOODS_3,FOODS_3_item_494
1108,2,FOODS_3,FOODS_3_item_495
1109,2,FOODS_3,FOODS_3_item_496
1110,2,FOODS_3,FOODS_3_item_497
1111,2,FOODS_3,FOODS_3_item_498
1112,2,FOODS_3,FOODS_3_item_499
1113,2,FOODS_3,FOODS_3_item_500
1114,2,FOODS_3,FOODS_3_item_501
1115,2,FOODS_3,FOODS_3_item_502
1116,2,FOODS_3,FOODS_3_item_503
1117,2,FOODS_3,FOODS_3_item_504
1118,2,FOODS_3,FOODS_3_item_505
1119,2,FOODS_3,FOODS_3_item_506
1120,2,FOODS_3,FOODS_3_item_507
1121,2,FOODS_3,FOODS_3_item_508
1122,2,FOODS_3,FOODS_3_item_509
1123,2,FOODS_3,FOODS_3_item_510
1124,2,FOODS_3,FOODS_3_item_511
1125,2,FOODS_3,FOODS_3_item_512
1126,2,FOODS_3,FOODS_3_item_513
1127,2,FOODS_3,FOODS_3_item_514
1128,2,FOODS_3,FOODS_3_item_515
1129,2,FOODS_3,FOODS_3_item_516
1130,2,FOODS_3,FOODS_3_item_517
1131,2,FOODS_3,FOODS_3_item_518
1132,2,FOODS_3,FOODS_3_item_519
1133,2,FOODS_3,FOODS_3_item_520
1134,2,FOODS_3,FOODS_3_item_521
1135,2,FOODS_3,FOODS_3_item_522
1136,2,FOODS_3,FOODS_3_item_523
1137,2,FOODS_3,FOODS_3_item_524
1138,2,FOODS_3,FOODS_3_item_525
1139,2,FOODS_3,FOODS_3_item_526
1140,2,FOODS_3,FOODS_3_item_527
1141,2,FOODS_3,FOODS_3_item_528
1142,2,FOODS_3,FOODS_3_item_529
1143,2,FOODS_3,FOODS_3_item_530
1144,2,FOODS_3,FOODS_3_item_531
1145,2,FOODS_3,FOODS_3_item_532
1146,2,FOODS_3,FOODS_3_item_533
1147,2,FOODS_3,FOODS_3_item_534
1148,2,FOODS_3,FOODS_3_item_535
1149,2,FOODS_3,FOODS_3_item_536
1150,2,FOODS_3,FOODS_3_item_537
1151,2,FOODS_3,FOODS_3_item_538
1152,2,FOODS_3,FOODS_3_item_539
1153,2,FOODS_3,FOODS_3_item_540
1154,2,FOODS_3,FOODS_3_item_541
1155,2,FOODS_3,FOODS_3_item_542
1156,2,FOODS_3,FOODS_3_item_543
1157,2,FOODS_3,FOODS_3_item_544
1158,2,FOODS_3,FOODS_3_item_545
1159,2,FOODS_3,FOODS_3_item_546
1160,2,FOODS_3,FOODS_3_item_547
1161,2,FOODS_3,FOODS_3_item_548
1162,2,FOODS_3,FOODS_3_item_549
1163,2,FOODS_3,FOODS_3_item_550
1164,2,FOODS_3,FOODS_3_item_551
1165,2,FOODS_3,FOODS_3_item_552
1166,2,FOODS_3,FOODS_3_item_553
1167,2,FOODS_3,FOODS_3_item_554
1168,2,FOODS_3,FOODS_3_item_555
1169,2,FOODS_3,FOODS_3_item_556
1170,2,FOODS_3,FOODS_3_item_557
1171,2,FOODS_3,FOODS_3_item_558
1172,2,FOODS_3,FOODS_3_item_559
1173,2,FOODS_3,FOODS_3_item_560
1174,2,FOODS_3,FOODS_3_item_561
1175,2,FOODS_3,FOODS_3_item_562
1176,2,FOODS_3,FOODS_3_item_563
1177,2,FOODS_3,FOODS_3_item_564
1178,2,FOODS_3,FOODS_3_item_565
1179,2,FOODS_3,FOODS_3_item_566
1180,2,FOODS_3,FOODS_3_item_567
1181,2,FOODS_3,FOODS_3_item_568
1182,2,FOODS_3,FOODS_3_item_569
1183,2,FOODS_3,FOODS_3_item_570
1184,2,FOODS_3,FOODS_3_item_571
1185,2,FOODS_3,FOODS_3_item_572
1186,2,FOODS_3,FOODS_3_item_573
1187,2,FOODS_3,FOODS_3_item_574
1188,2,FOODS_3,FOODS_3_item_575
1189,2,FOODS_3,FOODS_3_item_576
1190,2,FOODS_3,FOODS_3_item_577
1191,2,FOODS_3,FOODS_3_item_578
1192,2,FOODS_3,FOODS_3_item_579
1193,2,FOODS_3,FOODS_3_item_580
1194,2,FOODS_3,FOODS_3_item_581
1195,2,FOODS_3,FOODS_3_item_582
1196,2,FOODS_3,FOODS_3_item_583
1197,2,FOODS_3,FOODS_3_item_584
1198,2,FOODS_3,FOODS_3_item_585
1199,2,FOODS_3,FOODS_3_item_586
1200,2,FOODS_3,FOODS_3_item_587
1201,2,FOODS_3,FOODS_3_item_588
1202,2,FOODS_3,FOODS_3_item_589
1203,2,FOODS_3,FOODS_3_item_590
1204,2,FOODS_3,FOODS_3_item_591
1205,2,FOODS_3,FOODS_3_item_592
1206,2,FOODS_3,FOODS_3_item_593
1207,2,FOODS_3,FOODS_3_item_594
1208,2,FOODS_3,FOODS_3_item_595
1209,2,FOODS_3,FOODS_3_item_596
1210,2,FOODS_3,FOODS_3_item_597
1211,2,FOODS_3,FOODS_3_item_598
1212,2,FOODS_3,FOODS_3_item_599
1213,2,FOODS_3,FOODS_3_item_600
1214,2,FOODS_3,FOODS_3_item_601
1215,2,FOODS_3,FOODS_3_item_602
1216,2,FOODS_3,FOODS_3_item_603
1217,2,FOODS_3,FOODS_3_item_604
1218,2,FOODS_3,FOODS_3_item_605
1219,2,FOODS_3,FOODS_3_item_606
1220,2,FOODS_3,FOODS_3_item_607
1221,2,FOODS_3,FOODS_3_item_608
1222,2,FOODS_3,FOODS_3_item_609
1223,2,FOODS_3,FOODS_3_item_610
1224,2,FOODS_3,FOODS_3_item_611
1225,2,FOODS_3,FOODS_3_item_612
1226,2,FOODS_3,FOODS_3_item_613
1227,2,FOODS_3,FOODS_3_item_614
1228,2,FOODS_3,FOODS_3_item_615
1229,2,FOODS_3,FOODS_3_item_616
1230,2,FOODS_3,FOODS_3_item_617
1231,2,FOODS_3,FOODS_3_item_618
1232,2,FOODS_3,FOODS_3_item_619
1233,2,FOODS_3,FOODS_3_item_620
1234,2,FOODS_3,FOODS_3_item_621
1235,2,FOODS_3,FOODS_3_item_622
1236,2,FOODS_3,FOODS_3_item_623
1237,2,FOODS_3,FOODS_3_item_624
1238,2,FOODS_3,FOODS_3_item_625
1239,2,FOODS_3,FOODS_3_item_626
1240,2,FOODS_3,FOODS_3_item_627
1241,2,FOODS_3,FOODS_3_item_628
1242,2,FOODS_3,FOODS_3_item_629
1243,2,FOODS_3,FOODS_3_item_630
1244,2,FOODS_3,FOODS_3_item_631
1245,2,FOODS_3,FOODS_3_item_632
1246,2,FOODS_3,FOODS_3_item_633
1247,2,FOODS_3,FOODS_3_item_634
1248,2,FOODS_3,FOODS_3_item_635
1249,2,FOODS_3,FOODS_3_item_636
1250,2,FOODS_3,FOODS_3_item_637
1251,2,FOODS_3,FOODS_3_item_638
1252,2,FOODS_3,FOODS_3_item_639
1253,2,FOODS_3,FOODS_3_item_640
1254,2,FOODS_3,FOODS_3_item_641
1255,2,FOODS_3,FOODS_3_item_642
1256,2,FOODS_3,FOODS_3_item_643
1257,2,FOODS_3,FOODS_3_item_644
1258,2,FOODS_3,FOODS_3_item_645
1259,2,FOODS_3,FOODS_3_item_646
1260,2,FOODS_3,FOODS_3_item_647
1261,2,FOODS_3,FOODS_3_item_648
1262,2,FOODS_3,FOODS_3_item_649
1263,2,FOODS_3,FOODS_3_item_650
1264,2,FOODS_3,FOODS_3_item_651
1265,2,FOODS_3,FOODS_3_item_652
1266,2,FOODS_3,FOODS_3_item_653
1267,2,FOODS_3,FOODS_3_item_654
1268,2,FOODS_3,FOODS_3_item_655
1269,2,FOODS_3,FOODS_3_item_656
1270,2,FOODS_3,FOODS_3_item_657
1271,2,FOODS_3,FOODS_3_item_658
1272,2,FOODS_3,FOODS_3_item_659
1273,2,FOODS_3,FOODS_3_item_660
1274,2,FOODS_3,FOODS_3_item_661
1275,2,FOODS_3,FOODS_3_item_662
1276,2,FOODS_3,FOODS_3_item_663
1277,2,FOODS_3,FOODS_3_item_664
1278,2,FOODS_3,FOODS_3_item_665
1279,2,FOODS_3,FOODS_3_item_666
1280,2,FOODS_3,FOODS_3_item_667
1281,2,FOODS_3,FOODS_3_item_668
1282,2,FOODS_3,FOODS_3_item_669
1283,2,FOODS_3,FOODS_3_item_670
1284,2,FOODS_3,FOODS_3_item_671
1285,2,FOODS_3,FOODS_3_item_672
1286,2,FOODS_3,FOODS_3_item_673
1287,2,FOODS_3,FOODS_3_item_674
1288,2,FOODS_3,FOODS_3_item_675
1289,2,FOODS_3,FOODS_3_item_676
1290,2,FOODS_3,FOODS_3_item_677
1291,2,FOODS_3,FOODS_3_item_678
1292,2,FOODS_3,FOODS_3_item_679
1293,2,FOODS_3,FOODS_3_item_680
1294,2,FOODS_3,FOODS_3_item_681
1295,2,FOODS_3,FOODS_3_item_682
1296,2,FOODS_3,FOODS_3_item_683
1297,2,FOODS_3,FOODS_3_item_684
1298,2,FOODS_3,FOODS_3_item_685
1299,2,FOODS_3,FOODS_3_item_686
1300,2,FOODS_3,FOODS_3_item_687
1301,2,FOODS_3,FOODS_3_item_688
1302,2,FOODS_3,FOODS_3_item_689
1303,2,FOODS_3,FOODS_3_item_690
1304,2,FOODS_3,FOODS_3_item_691
1305,2,FOODS_3,FOODS_3_item_692
1306,2,FOODS_3,FOODS_3_item_693
1307,2,FOODS_3,FOODS_3_item_694
1308,2,FOODS_3,FOODS_3_item_695
1309,2,FOODS_3,FOODS_3_item_696
1310,2,FOODS_3,FOODS_3_item_697
1311,2,FOODS_3,FOODS_3_item_698
1312,2,FOODS_3,FOODS_3_item_699
1313,2,FOODS_3,FOODS_3_item_700
1314,2,FOODS_3,FOODS_3_item_701
1315,2,FOODS_3,FOODS_3_item_702
1316,2,FOODS_3,FOODS_3_item_703
1317,2,FOODS_3,FOODS_3_item_704
1318,2,FOODS_3,FOODS_3_item_705
1319,2,FOODS_3,FOODS_3_item_706
1320,2,FOODS_3,FOODS_3_item_707
1321,2,FOODS_3,FOODS_3_item_708
1322,2,FOODS_3,FOODS_3_item_709
1323,2,FOODS_3,FOODS_3_item_710
1324,2,FOODS_3,FOODS_3_item_711
1325,2,FOODS_3,FOODS_3_item_712
1326,2,FOODS_3,FOODS_3_item_713
1327,2,FOODS_3,FOODS_3_item_714
1328,2,FOODS_3,FOODS_3_item_715
1329,2,FOODS_3,FOODS_3_item_716
1330,2,FOODS_3,FOODS_3_item_717
1331,2,FOODS_3,FOODS_3_item_718
1332,2,FOODS_3,FOODS_3_item_719
1333,2,FOODS_3,FOODS_3_item_720
1334,2,FOODS_3,FOODS_3_item_721
1335,2,FOODS_3,FOODS_3_item_722
1336,2,FOODS_3,FOODS_3_item_723
1337,2,FOODS_3,FOODS_3_item_724
1338,2,FOODS_3,FOODS_3_item_725
1339,2,FOODS_3,FOODS_3_item_726
1340,2,FOODS_3,FOODS_3_item_727
1341,2,FOODS_3,FOODS_3_item_728
1342,2,FOODS_3,FOODS_3_item_729
1343,2,FOODS_3,FOODS_3_item_730
1344,2,FOODS_3,FOODS_3_item_731
1345,2,FOODS_3,FOODS_3_item_732
1346,2,FOODS_3,FOODS_3_item_733
1347,2,FOODS_3,FOODS_3_item_734
1348,2,FOODS_3,FOODS_3_item_735
1349,2,FOODS_3,FOODS_3_item_736
1350,2,FOODS_3,FOODS_3_item_737
1351,2,FOODS_3,FOODS_3_item_738
1352,2,FOODS_3,FOODS_3_item_739
1353,2,FOODS_3,FOODS_3_item_740
1354,2,FOODS_3,FOODS_3_item_741
1355,2,FOODS_3,FOODS_3_item_742
1356,2,FOODS_3,FOODS_3_item_743
1357,2,FOODS_3,FOODS_3_item_744
1358,2,FOODS_3,FOODS_3_item_745
1359,2,FOODS_3,FOODS_3_item_746
1360,2,FOODS_3,FOODS_3_item_747
1361,2,FOODS_3,FOODS_3_item_748
1362,2,FOODS_3,FOODS_3_item_749
1363,2,FOODS_3,FOODS_3_item_750
1364,2,FOODS_3,FOODS_3_item_751
1365,2,FOODS_3,FOODS_3_item_752
1366,2,FOODS_3,FOODS_3_item_753
1367,2,FOODS_3,FOODS_3_item_754
1368,2,FOODS_3,FOODS_3_item_755
1369,2,FOODS_3,FOODS_3_item_756
1370,2,FOODS_3,FOODS_3_item_757
1371,2,FOODS_3,FOODS_3_item_758
1372,2,FOODS_3,FOODS_3_item_759
1373,2,FOODS_3,FOODS_3_item_760
1374,2,FOODS_3,FOODS_3_item_761
1375,2,FOODS_3,FOODS_3_item_762
1376,2,FOODS_3,FOODS_3_item_763
1377,2,FOODS_3,FOODS_3_item_764
1378,2,FOODS_3,FOODS_3_item_765
1379,2,FOODS_3,FOODS_3_item_766
1380,2,FOODS_3,FOODS_3_item_767
1381,2,FOODS_3,FOODS_3_item_768
1382,2,FOODS_3,FOODS_3_item_769
1383,2,FOODS_3,FOODS_3_item_770
1384,2,FOODS_3,FOODS_3_item_771
1385,2,FOODS_3,FOODS_3_item_772
1386,2,FOODS_3,FOODS_3_item_773
1387,2,FOODS_3,FOODS_3_item_774
1388,2,FOODS_3,FOODS_3_item_775
1389,2,FOODS_3,FOODS_3_item_776
1390,2,FOODS_3,FOODS_3_item_777
1391,2,FOODS_3,FOODS_3_item_778
1392,2,FOODS_3,FOODS_3_item_779
1393,2,FOODS_3,FOODS_3_item_780
1394,2,FOODS_3,FOODS_3_item_781
1395,2,FOODS_3,FOODS_3_item_782
1396,2,FOODS_3,FOODS_3_item_783
1397,2,FOODS_3,FOODS_3_item_784
1398,2,FOODS_3,FOODS_3_item_785
1399,2,FOODS_3,FOODS_3_item_786
1400,2,FOODS_3,FOODS_3_item_787
1401,2,FOODS_3,FOODS_3_item_788
1402,2,FOODS_3,FOODS_3_item_789
1403,2,FOODS_3,FOODS_3_item_790
1404,2,FOODS_3,FOODS_3_item_791
1405,2,FOODS_3,FOODS_3_item_792
1406,2,FOODS_3,FOODS_3_item_793
1407,2,FOODS_3,FOODS_3_item_794
1408,2,FOODS_3,FOODS_3_item_795
1409,2,FOODS_3,FOODS_3_item_796
1410,2,FOODS_3,FOODS_3_item_797
1411,2,FOODS_3,FOODS_3_item_798
1412,2,FOODS_3,FOODS_3_item_799
1413,2,FOODS_3,FOODS_3_item_800
1414,2,FOODS_3,FOODS_3_item_801
1415,2,FOODS_3,FOODS_3_item_802
1416,2,FOODS_3,FOODS_3_item_803
1417,2,FOODS_3,FOODS_3_item_804
1418,2,FOODS_3,FOODS_3_item_805
1419,2,FOODS_3,FOODS_3_item_806
1420,2,FOODS_3,FOODS_3_item_807
1421,2,FOODS_3,FOODS_3_item_808
1422,2,FOODS_3,FOODS_3_item_809
1423,2,FOODS_3,FOODS_3_item_810
1424,2,FOODS_3,FOODS_3_item_811
1425,2,FOODS_3,FOODS_3_item_812
1426,2,FOODS_3,FOODS_3_item_813
1427,2,FOODS_3,FOODS_3_item_814
1428,2,FOODS_3,FOODS_3_item_815
1429,2,FOODS_3,FOODS_3_item_816
1430,2,FOODS_3,FOODS_3_item_817
1431,2,FOODS_3,FOODS_3_item_818
1432,2,FOODS_3,FOODS_3_item_819
1433,2,FOODS_3,FOODS_3_item_820
1434,2,FOODS_3,FOODS_3_item_821
1435,2,FOODS_3,FOODS_3_item_822
1436,2,FOODS_3,FOODS_3_item_823
1437,3,HOBBIES_1,HOBBIES_1_item_1
1438,3,HOBBIES_1,HOBBIES_1_item_2
1439,3,HOBBIES_1,HOBBIES_1_item_3
1440,3,HOBBIES_1,HOBBIES_1_item_4
1441,3,HOBBIES_1,HOBBIES_1_item_5
1442,3,HOBBIES_1,HOBBIES_1_item_6
1443,3,HOBBIES_1,HOBBIES_1_item_7
1444,3,HOBBIES_1,HOBBIES_1_item_8
1445,3,HOBBIES_1,HOBBIES_1_item_9
1446,3,HOBBIES_1,HOBBIES_1_item_10
1447,3,HOBBIES_1,HOBBIES_1_item_11
1448,3,HOBBIES_1,HOBBIES_1_item_12
1449,3,HOBBIES_1,HOBBIES_1_item_13
1450,3,HOBBIES_1,HOBBIES_1_item_14
1451,3,HOBBIES_1,HOBBIES_1_item_15
1452,3,HOBBIES_1,HOBBIES_1_item_16
1453,3,HOBBIES_1,HOBBIES_1_item_17
1454,3,HOBBIES_1,HOBBIES_1_item_18
1455,3,HOBBIES_1,HOBBIES_1_item_19
1456,3,HOBBIES_1,HOBBIES_1_item_20
1457,3,HOBBIES_1,HOBBIES_1_item_21
1458,3,HOBBIES_1,HOBBIES_1_item_22
1459,3,HOBBIES_1,HOBBIES_1_item_23
1460,3,HOBBIES_1,HOBBIES_1_item_24
1461,3,HOBBIES_1,HOBBIES_1_item_25
1462,3,HOBBIES_1,HOBBIES_1_item_26
1463,3,HOBBIES_1,HOBBIES_1_item_27
1464,3,HOBBIES_1,HOBBIES_1_item_28
1465,3,HOBBIES_1,HOBBIES_1_item_29
1466,3,HOBBIES_1,HOBBIES_1_item_30
1467,3,HOBBIES_1,HOBBIES_1_item_31
1468,3,HOBBIES_1,HOBBIES_1_item_32
1469,3,HOBBIES_1,HOBBIES_1_item_33
1470,3,HOBBIES_1,HOBBIES_1_item_34
1471,3,HOBBIES_1,HOBBIES_1_item_35
1472,3,HOBBIES_1,HOBBIES_1_item_36
1473,3,HOBBIES_1,HOBBIES_1_item_37
1474,3,HOBBIES_1,HOBBIES_1_item_38
1475,3,HOBBIES_1,HOBBIES_1_item_39
1476,3,HOBBIES_1,HOBBIES_1_item_40
1477,3,HOBBIES_1,HOBBIES_1_item_41
1478,3,HOBBIES_1,HOBBIES_1_item_42
1479,3,HOBBIES_1,HOBBIES_1_item_43
1480,3,HOBBIES_1,HOBBIES_1_item_44
1481,3,HOBBIES_1,HOBBIES_1_item_45
1482,3,HOBBIES_1,HOBBIES_1_item_46
1483,3,HOBBIES_1,HOBBIES_1_item_47
1484,3,HOBBIES_1,HOBBIES_1_item_48
1485,3,HOBBIES_1,HOBBIES_1_item_49
1486,3,HOBBIES_1,HOBBIES_1_item_50
1487,3,HOBBIES_1,HOBBIES_1_item_51
1488,3,HOBBIES_1,HOBBIES_1_item_52
1489,3,HOBBIES_1,HOBBIES_1_item_53
1490,3,HOBBIES_1,HOBBIES_1_item_54
1491,3,HOBBIES_1,HOBBIES_1_item_55
1492,3,HOBBIES_1,HOBBIES_1_item_56
1493,3,HOBBIES_1,HOBBIES_1_item_57
1494,3,HOBBIES_1,HOBBIES_1_item_58
1495,3,HOBBIES_1,HOBBIES_1_item_59
1496,3,HOBBIES_1,HOBBIES_1_item_60
1497,3,HOBBIES_1,HOBBIES_1_item_61
1498,3,HOBBIES_1,HOBBIES_1_item_62
1499,3,HOBBIES_1,HOBBIES_1_item_63
1500,3,HOBBIES_1,HOBBIES_1_item_64
1501,3,HOBBIES_1,HOBBIES_1_item_65
1502,3,HOBBIES_1,HOBBIES_1_item_66
1503,3,HOBBIES_1,HOBBIES_1_item_67
1504,3,HOBBIES_1,HOBBIES_1_item_68
1505,3,HOBBIES_1,HOBBIES_1_item_69
1506,3,HOBBIES_1,HOBBIES_1_item_70
1507,3,HOBBIES_1,HOBBIES_1_item_71
1508,3,HOBBIES_1,HOBBIES_1_item_72
1509,3,HOBBIES_1,HOBBIES_1_item_73
1510,3,HOBBIES_1,HOBBIES_1_item_74
1511,3,HOBBIES_1,HOBBIES_1_item_75
1512,3,HOBBIES_1,HOBBIES_1_item_76
1513,3,HOBBIES_1,HOBBIES_1_item_77
1514,3,HOBBIES_1,HOBBIES_1_item_78
1515,3,HOBBIES_1,HOBBIES_1_item_79
1516,3,HOBBIES_1,HOBBIES_1_item_80
1517,3,HOBBIES_1,HOBBIES_1_item_81
1518,3,HOBBIES_1,HOBBIES_1_item_82
1519,3,HOBBIES_1,HOBBIES_1_item_83
1520,3,HOBBIES_1,HOBBIES_1_item_84
1521,3,HOBBIES_1,HOBBIES_1_item_85
1522,3,HOBBIES_1,HOBBIES_1_item_86
1523,3,HOBBIES_1,HOBBIES_1_item_87
1524,3,HOBBIES_1,HOBBIES_1_item_88
1525,3,HOBBIES_1,HOBBIES_1_item_89
1526,3,HOBBIES_1,HOBBIES_1_item_90
1527,3,HOBBIES_1,HOBBIES_1_item_91
1528,3,HOBBIES_1,HOBBIES_1_item_92
1529,3,HOBBIES_1,HOBBIES_1_item_93
1530,3,HOBBIES_1,HOBBIES_1_item_94
1531,3,HOBBIES_1,HOBBIES_1_item_95
1532,3,HOBBIES_1,HOBBIES_1_item_96
1533,3,HOBBIES_1,HOBBIES_1_item_97
1534,3,HOBBIES_1,HOBBIES_1_item_98
1535,3,HOBBIES_1,HOBBIES_1_item_99
1536,3,HOBBIES_1,HOBBIES_1_item_100
1537,3,HOBBIES_1,HOBBIES_1_item_101
1538,3,HOBBIES_1,HOBBIES_1_item_102
1539,3,HOBBIES_1,HOBBIES_1_item_103
1540,3,HOBBIES_1,HOBBIES_1_item_104
1541,3,HOBBIES_1,HOBBIES_1_item_105
1542,3,HOBBIES_1,HOBBIES_1_item_106
1543,3,HOBBIES_1,HOBBIES_1_item_107
1544,3,HOBBIES_1,HOBBIES_1_item_108
1545,3,HOBBIES_1,HOBBIES_1_item_109
1546,3,HOBBIES_1,HOBBIES_1_item_110
1547,3,HOBBIES_1,HOBBIES_1_item_111
1548,3,HOBBIES_1,HOBBIES_1_item_112
1549,3,HOBBIES_1,HOBBIES_1_item_113
1550,3,HOBBIES_1,HOBBIES_1_item_114
1551,3,HOBBIES_1,HOBBIES_1_item_115
1552,3,HOBBIES_1,HOBBIES_1_item_116
1553,3,HOBBIES_1,HOBBIES_1_item_117
1554,3,HOBBIES_1,HOBBIES_1_item_118
1555,3,HOBBIES_1,HOBBIES_1_item_119
1556,3,HOBBIES_1,HOBBIES_1_item_120
1557,3,HOBBIES_1,HOBBIES_1_item_121
1558,3,HOBBIES_1,HOBBIES_1_item_122
1559,3,HOBBIES_1,HOBBIES_1_item_123
1560,3,HOBBIES_1,HOBBIES_1_item_124
1561,3,HOBBIES_1,HOBBIES_1_item_125
1562,3,HOBBIES_1,HOBBIES_1_item_126
1563,3,HOBBIES_1,HOBBIES_1_item_127
1564,3,HOBBIES_1,HOBBIES_1_item_128
1565,3,HOBBIES_1,HOBBIES_1_item_129
1566,3,HOBBIES_1,HOBBIES_1_item_130
1567,3,HOBBIES_1,HOBBIES_1_item_131
1568,3,HOBBIES_1,HOBBIES_1_item_132
1569,3,HOBBIES_1,HOBBIES_1_item_133
1570,3,HOBBIES_1,HOBBIES_1_item_134
1571,3,HOBBIES_1,HOBBIES_1_item_135
1572,3,HOBBIES_1,HOBBIES_1_item_136
1573,3,HOBBIES_1,HOBBIES_1_item_137
1574,3,HOBBIES_1,HOBBIES_1_item_138
1575,3,HOBBIES_1,HOBBIES_1_item_139
1576,3,HOBBIES_1,HOBBIES_1_item_140
1577,3,HOBBIES_1,HOBBIES_1_item_141
1578,3,HOBBIES_1,HOBBIES_1_item_142
1579,3,HOBBIES_1,HOBBIES_1_item_143
1580,3,HOBBIES_1,HOBBIES_1_item_144
1581,3,HOBBIES_1,HOBBIES_1_item_145
1582,3,HOBBIES_1,HOBBIES_1_item_146
1583,3,HOBBIES_1,HOBBIES_1_item_147
1584,3,HOBBIES_1,HOBBIES_1_item_148
1585,3,HOBBIES_1,HOBBIES_1_item_149
1586,3,HOBBIES_1,HOBBIES_1_item_150
1587,3,HOBBIES_1,HOBBIES_1_item_151
1588,3,HOBBIES_1,HOBBIES_1_item_152
1589,3,HOBBIES_1,HOBBIES_1_item_153
1590,3,HOBBIES_1,HOBBIES_1_item_154
1591,3,HOBBIES_1,HOBBIES_1_item_155
1592,3,HOBBIES_1,HOBBIES_1_item_156
1593,3,HOBBIES_1,HOBBIES_1_item_157
1594,3,HOBBIES_1,HOBBIES_1_item_158
1595,3,HOBBIES_1,HOBBIES_1_item_159
1596,3,HOBBIES_1,HOBBIES_1_item_160
1597,3,HOBBIES_1,HOBBIES_1_item_161
1598,3,HOBBIES_1,HOBBIES_1_item_162
1599,3,HOBBIES_1,HOBBIES_1_item_163
1600,3,HOBBIES_1,HOBBIES_1_item_164
1601,3,HOBBIES_1,HOBBIES_1_item_165
1602,3,HOBBIES_1,HOBBIES_1_item_166
1603,3,HOBBIES_1,HOBBIES_1_item_167
1604,3,HOBBIES_1,HOBBIES_1_item_168
1605,3,HOBBIES_1,HOBBIES_1_item_169
1606,3,HOBBIES_1,HOBBIES_1_item_170
1607,3,HOBBIES_1,HOBBIES_1_item_171
1608,3,HOBBIES_1,HOBBIES_1_item_172
1609,3,HOBBIES_1,HOBBIES_1_item_173
1610,3,HOBBIES_1,HOBBIES_1_item_174
1611,3,HOBBIES_1,HOBBIES_1_item_175
1612,3,HOBBIES_1,HOBBIES_1_item_176
1613,3,HOBBIES_1,HOBBIES_1_item_177
1614,3,HOBBIES_1,HOBBIES_1_item_178
1615,3,HOBBIES_1,HOBBIES_1_item_179
1616,3,HOBBIES_1,HOBBIES_1_item_180
1617,3,HOBBIES_1,HOBBIES_1_item_181
1618,3,HOBBIES_1,HOBBIES_1_item_182
1619,3,HOBBIES_1,HOBBIES_1_item_183
1620,3,HOBBIES_1,HOBBIES_1_item_184
1621,3,HOBBIES_1,HOBBIES_1_item_185
1622,3,HOBBIES_1,HOBBIES_1_item_186
1623,3,HOBBIES_1,HOBBIES_1_item_187
1624,3,HOBBIES_1,HOBBIES_1_item_188
1625,3,HOBBIES_1,HOBBIES_1_item_189
1626,3,HOBBIES_1,HOBBIES_1_item_190
1627,3,HOBBIES_1,HOBBIES_1_item_191
1628,3,HOBBIES_1,HOBBIES_1_item_192
1629,3,HOBBIES_1,HOBBIES_1_item_193
1630,3,HOBBIES_1,HOBBIES_1_item_194
1631,3,HOBBIES_1,HOBBIES_1_item_195
1632,3,HOBBIES_1,HOBBIES_1_item_196
1633,3,HOBBIES_1,HOBBIES_1_item_197
1634,3,HOBBIES_1,HOBBIES_1_item_198
1635,3,HOBBIES_1,HOBBIES_1_item_199
1636,3,HOBBIES_1,HOBBIES_1_item_200
1637,3,HOBBIES_1,HOBBIES_1_item_201
1638,3,HOBBIES_1,HOBBIES_1_item_202
1639,3,HOBBIES_1,HOBBIES_1_item_203
1640,3,HOBBIES_1,HOBBIES_1_item_204
1641,3,HOBBIES_1,HOBBIES_1_item_205
1642,3,HOBBIES_1,HOBBIES_1_item_206
1643,3,HOBBIES_1,HOBBIES_1_item_207
1644,3,HOBBIES_1,HOBBIES_1_item_208
1645,3,HOBBIES_1,HOBBIES_1_item_209
1646,3,HOBBIES_1,HOBBIES_1_item_210
1647,3,HOBBIES_1,HOBBIES_1_item_211
1648,3,HOBBIES_1,HOBBIES_1_item_212
1649,3,HOBBIES_1,HOBBIES_1_item_213
1650,3,HOBBIES_1,HOBBIES_1_item_214
1651,3,HOBBIES_1,HOBBIES_1_item_215
1652,3,HOBBIES_1,HOBBIES_1_item_216
1653,3,HOBBIES_1,HOBBIES_1_item_217
1654,3,HOBBIES_1,HOBBIES_1_item_218
1655,3,HOBBIES_1,HOBBIES_1_item_219
1656,3,HOBBIES_1,HOBBIES_1_item_220
1657,3,HOBBIES_1,HOBBIES_1_item_221
1658,3,HOBBIES_1,HOBBIES_1_item_222
1659,3,HOBBIES_1,HOBBIES_1_item_223
1660,3,HOBBIES_1,HOBBIES_1_item_224
1661,3,HOBBIES_1,HOBBIES_1_item_225
1662,3,HOBBIES_1,HOBBIES_1_item_226
1663,3,HOBBIES_1,HOBBIES_1_item_227
1664,3,HOBBIES_1,HOBBIES_1_item_228
1665,3,HOBBIES_1,HOBBIES_1_item_229
1666,3,HOBBIES_1,HOBBIES_1_item_230
1667,3,HOBBIES_1,HOBBIES_1_item_231
1668,3,HOBBIES_1,HOBBIES_1_item_232
1669,3,HOBBIES_1,HOBBIES_1_item_233
1670,3,HOBBIES_1,HOBBIES_1_item_234
1671,3,HOBBIES_1,HOBBIES_1_item_235
1672,3,HOBBIES_1,HOBBIES_1_item_236
1673,3,HOBBIES_1,HOBBIES_1_item_237
1674,3,HOBBIES_1,HOBBIES_1_item_238
1675,3,HOBBIES_1,HOBBIES_1_item_239
1676,3,HOBBIES_1,HOBBIES_1_item_240
1677,3,HOBBIES_1,HOBBIES_1_item_241
1678,3,HOBBIES_1,HOBBIES_1_item_242
1679,3,HOBBIES_1,HOBBIES_1_item_243
1680,3,HOBBIES_1,HOBBIES_1_item_244
1681,3,HOBBIES_1,HOBBIES_1_item_245
1682,3,HOBBIES_1,HOBBIES_1_item_246
1683,3,HOBBIES_1,HOBBIES_1_item_247
1684,3,HOBBIES_1,HOBBIES_1_item_248
1685,3,HOBBIES_1,HOBBIES_1_item_249
1686,3,HOBBIES_1,HOBBIES_1_item_250
1687,3,HOBBIES_1,HOBBIES_1_item_251
1688,3,HOBBIES_1,HOBBIES_1_item_252
1689,3,HOBBIES_1,HOBBIES_1_item_253
1690,3,HOBBIES_1,HOBBIES_1_item_254
1691,3,HOBBIES_1,HOBBIES_1_item_255
1692,3,HOBBIES_1,HOBBIES_1_item_256
1693,3,HOBBIES_1,HOBBIES_1_item_257
1694,3,HOBBIES_1,HOBBIES_1_item_258
1695,3,HOBBIES_1,HOBBIES_1_item_259
1696,3,HOBBIES_1,HOBBIES_1_item_260
1697,3,HOBBIES_1,HOBBIES_1_item_261
1698,3,HOBBIES_1,HOBBIES_1_item_262
1699,3,HOBBIES_1,HOBBIES_1_item_263
1700,3,HOBBIES_1,HOBBIES_1_item_264
1701,3,HOBBIES_1,HOBBIES_1_item_265
1702,3,HOBBIES_1,HOBBIES_1_item_266
1703,3,HOBBIES_1,HOBBIES_1_item_267
1704,3,HOBBIES_1,HOBBIES_1_item_268
1705,3,HOBBIES_1,HOBBIES_1_item_269
1706,3,HOBBIES_1,HOBBIES_1_item_270
1707,3,HOBBIES_1,HOBBIES_1_item_271
1708,3,HOBBIES_1,HOBBIES_1_item_272
1709,3,HOBBIES_1,HOBBIES_1_item_273
1710,3,HOBBIES_1,HOBBIES_1_item_274
1711,3,HOBBIES_1,HOBBIES_1_item_275
1712,3,HOBBIES_1,HOBBIES_1_item_276
1713,3,HOBBIES_1,HOBBIES_1_item_277
1714,3,HOBBIES_1,HOBBIES_1_item_278
1715,3,HOBBIES_1,HOBBIES_1_item_279
1716,3,HOBBIES_1,HOBBIES_1_item_280
1717,3,HOBBIES_1,HOBBIES_1_item_281
1718,3,HOBBIES_1,HOBBIES_1_item_282
1719,3,HOBBIES_1,HOBBIES_1_item_283
1720,3,HOBBIES_1,HOBBIES_1_item_284
1721,3,HOBBIES_1,HOBBIES_1_item_285
1722,3,HOBBIES_1,HOBBIES_1_item_286
1723,3,HOBBIES_1,HOBBIES_1_item_287
1724,3,HOBBIES_1,HOBBIES_1_item_288
1725,3,HOBBIES_1,HOBBIES_1_item_289
1726,3,HOBBIES_1,HOBBIES_1_item_290
1727,3,HOBBIES_1,HOBBIES_1_item_291
1728,3,HOBBIES_1,HOBBIES_1_item_292
1729,3,HOBBIES_1,HOBBIES_1_item_293
1730,3,HOBBIES_1,HOBBIES_1_item_294
1731,3,HOBBIES_1,HOBBIES_1_item_295
1732,3,HOBBIES_1,HOBBIES_1_item_296
1733,3,HOBBIES_1,HOBBIES_1_item_297
1734,3,HOBBIES_1,HOBBIES_1_item_298
1735,3,HOBBIES_1,HOBBIES_1_item_299
1736,3,HOBBIES_1,HOBBIES_1_item_300
1737,3,HOBBIES_1,HOBBIES_1_item_301
1738,3,HOBBIES_1,HOBBIES_1_item_302
1739,3,HOBBIES_1,HOBBIES_1_item_303
1740,3,HOBBIES_1,HOBBIES_1_item_304
1741,3,HOBBIES_1,HOBBIES_1_item_305
1742,3,HOBBIES_1,HOBBIES_1_item_306
1743,3,HOBBIES_1,HOBBIES_1_item_307
1744,3,HOBBIES_1,HOBBIES_1_item_308
1745,3,HOBBIES_1,HOBBIES_1_item_309
1746,3,HOBBIES_1,HOBBIES_1_item_310
1747,3,HOBBIES_1,HOBBIES_1_item_311
1748,3,HOBBIES_1,HOBBIES_1_item_312
1749,3,HOBBIES_1,HOBBIES_1_item_313
1750,3,HOBBIES_1,HOBBIES_1_item_314
1751,3,HOBBIES_1,HOBBIES_1_item_315
1752,3,HOBBIES_1,HOBBIES_1_item_316
1753,3,HOBBIES_1,HOBBIES_1_item_317
1754,3,HOBBIES_1,HOBBIES_1_item_318
1755,3,HOBBIES_1,HOBBIES_1_item_319
1756,3,HOBBIES_1,HOBBIES_1_item_320
1757,3,HOBBIES_1,HOBBIES_1_item_321
1758,3,HOBBIES_1,HOBBIES_1_item_322
1759,3,HOBBIES_1,HOBBIES_1_item_323
1760,3,HOBBIES_1,HOBBIES_1_item_324
1761,3,HOBBIES_1,HOBBIES_1_item_325
1762,3,HOBBIES_1,HOBBIES_1_item_326
1763,3,HOBBIES_1,HOBBIES_1_item_327
1764,3,HOBBIES_1,HOBBIES_1_item_328
1765,3,HOBBIES_1,HOBBIES_1_item_329
1766,3,HOBBIES_1,HOBBIES_1_item_330
1767,3,HOBBIES_1,HOBBIES_1_item_331
1768,3,HOBBIES_1,HOBBIES_1_item_332
1769,3,HOBBIES_1,HOBBIES_1_item_333
1770,3,HOBBIES_1,HOBBIES_1_item_334
1771,3,HOBBIES_1,HOBBIES_1_item_335
1772,3,HOBBIES_1,HOBBIES_1_item_336
1773,3,HOBBIES_1,HOBBIES_1_item_337
1774,3,HOBBIES_1,HOBBIES_1_item_338
1775,3,HOBBIES_1,HOBBIES_1_item_339
1776,3,HOBBIES_1,HOBBIES_1_item_340
1777,3,HOBBIES_1,HOBBIES_1_item_341
1778,3,HOBBIES_1,HOBBIES_1_item_342
1779,3,HOBBIES_1,HOBBIES_1_item_343
1780,3,HOBBIES_1,HOBBIES_1_item_344
1781,3,HOBBIES_1,HOBBIES_1_item_345
1782,3,HOBBIES_1,HOBBIES_1_item_346
1783,3,HOBBIES_1,HOBBIES_1_item_347
1784,3,HOBBIES_1,HOBBIES_1_item_348
1785,3,HOBBIES_1,HOBBIES_1_item_349
1786,3,HOBBIES_1,HOBBIES_1_item_350
1787,3,HOBBIES_1,HOBBIES_1_item_351
1788,3,HOBBIES_1,HOBBIES_1_item_352
1789,3,HOBBIES_1,HOBBIES_1_item_353
1790,3,HOBBIES_1,HOBBIES_1_item_354
1791,3,HOBBIES_1,HOBBIES_1_item_355
1792,3,HOBBIES_1,HOBBIES_1_item_356
1793,3,HOBBIES_1,HOBBIES_1_item_357
1794,3,HOBBIES_1,HOBBIES_1_item_358
1795,3,HOBBIES_1,HOBBIES_1_item_359
1796,3,HOBBIES_1,HOBBIES_1_item_360
1797,3,HOBBIES_1,HOBBIES_1_item_361
1798,3,HOBBIES_1,HOBBIES_1_item_362
1799,3,HOBBIES_1,HOBBIES_1_item_363
1800,3,HOBBIES_1,HOBBIES_1_item_364
1801,3,HOBBIES_1,HOBBIES_1_item_365
1802,3,HOBBIES_1,HOBBIES_1_item_366
1803,3,HOBBIES_1,HOBBIES_1_item_367
1804,3,HOBBIES_1,HOBBIES_1_item_368
1805,3,HOBBIES_1,HOBBIES_1_item_369
1806,3,HOBBIES_1,HOBBIES_1_item_370
1807,3,HOBBIES_1,HOBBIES_1_item_371
1808,3,HOBBIES_1,HOBBIES_1_item_372
1809,3,HOBBIES_1,HOBBIES_1_item_373
1810,3,HOBBIES_1,HOBBIES_1_item_374
1811,3,HOBBIES_1,HOBBIES_1_item_375
1812,3,HOBBIES_1,HOBBIES_1_item_376
1813,3,HOBBIES_1,HOBBIES_1_item_377
1814,3,HOBBIES_1,HOBBIES_1_item_378
1815,3,HOBBIES_1,HOBBIES_1_item_379
1816,3,HOBBIES_1,HOBBIES_1_item_380
1817,3,HOBBIES_1,HOBBIES_1_item_381
1818,3,HOBBIES_1,HOBBIES_1_item_382
1819,3,HOBBIES_1,HOBBIES_1_item_383
1820,3,HOBBIES_1,HOBBIES_1_item_384
1821,3,HOBBIES_1,HOBBIES_1_item_385
1822,3,HOBBIES_1,HOBBIES_1_item_386
1823,3,HOBBIES_1,HOBBIES_1_item_387
1824,3,HOBBIES_1,HOBBIES_1_item_388
1825,3,HOBBIES_1,HOBBIES_1_item_389
1826,3,HOBBIES_1,HOBBIES_1_item_390
1827,3,HOBBIES_1,HOBBIES_1_item_391
1828,3,HOBBIES_1,HOBBIES_1_item_392
1829,3,HOBBIES_1,HOBBIES_1_item_393
1830,3,HOBBIES_1,HOBBIES_1_item_394
1831,3,HOBBIES_1,HOBBIES_1_item_395
1832,3,HOBBIES_1,HOBBIES_1_item_396
1833,3,HOBBIES_1,HOBBIES_1_item_397
1834,3,HOBBIES_1,HOBBIES_1_item_398
1835,3,HOBBIES_1,HOBBIES_1_item_399
1836,3,HOBBIES_1,HOBBIES_1_item_400
1837,3,HOBBIES_1,HOBBIES_1_item_401
1838,3,HOBBIES_1,HOBBIES_1_item_402
1839,3,HOBBIES_1,HOBBIES_1_item_403
1840,3,HOBBIES_1,HOBBIES_1_item_404
1841,3,HOBBIES_1,HOBBIES_1_item_405
1842,3,HOBBIES_1,HOBBIES_1_item_406
1843,3,HOBBIES_1,HOBBIES_1_item_407
1844,3,HOBBIES_1,HOBBIES_1_item_408
1845,3,HOBBIES_1,HOBBIES_1_item_409
1846,3,HOBBIES_1,HOBBIES_1_item_410
1847,3,HOBBIES_1,HOBBIES_1_item_411
1848,3,HOBBIES_1,HOBBIES_1_item_412
1849,3,HOBBIES_1,HOBBIES_1_item_413
1850,3,HOBBIES_1,HOBBIES_1_item_414
1851,3,HOBBIES_1,HOBBIES_1_item_415
1852,3,HOBBIES_1,HOBBIES_1_item_416
1853,4,HOBBIES_2,HOBBIES_2_item_1
1854,4,HOBBIES_2,HOBBIES_2_item_2
1855,4,HOBBIES_2,HOBBIES_2_item_3
1856,4,HOBBIES_2,HOBBIES_2_item_4
1857,4,HOBBIES_2,HOBBIES_2_item_5
1858,4,HOBBIES_2,HOBBIES_2_item_6
1859,4,HOBBIES_2,HOBBIES_2_item_7
1860,4,HOBBIES_2,HOBBIES_2_item_8
1861,4,HOBBIES_2,HOBBIES_2_item_9
1862,4,HOBBIES_2,HOBBIES_2_item_10
1863,4,HOBBIES_2,HOBBIES_2_item_11
1864,4,HOBBIES_2,HOBBIES_2_item_12
1865,4,HOBBIES_2,HOBBIES_2_item_13
1866,4,HOBBIES_2,HOBBIES_2_item_14
1867,4,HOBBIES_2,HOBBIES_2_item_15
1868,4,HOBBIES_2,HOBBIES_2_item_16
1869,4,HOBBIES_2,HOBBIES_2_item_17
1870,4,HOBBIES_2,HOBBIES_2_item_18
1871,4,HOBBIES_2,HOBBIES_2_item_19
1872,4,HOBBIES_2,HOBBIES_2_item_20
1873,4,HOBBIES_2,HOBBIES_2_item_21
1874,4,HOBBIES_2,HOBBIES_2_item_22
1875,4,HOBBIES_2,HOBBIES_2_item_23
1876,4,HOBBIES_2,HOBBIES_2_item_24
1877,4,HOBBIES_2,HOBBIES_2_item_25
1878,4,HOBBIES_2,HOBBIES_2_item_26
1879,4,HOBBIES_2,HOBBIES_2_item_27
1880,4,HOBBIES_2,HOBBIES_2_item_28
1881,4,HOBBIES_2,HOBBIES_2_item_29
1882,4,HOBBIES_2,HOBBIES_2_item_30
1883,4,HOBBIES_2,HOBBIES_2_item_31
1884,4,HOBBIES_2,HOBBIES_2_item_32
1885,4,HOBBIES_2,HOBBIES_2_item_33
1886,4,HOBBIES_2,HOBBIES_2_item_34
1887,4,HOBBIES_2,HOBBIES_2_item_35
1888,4,HOBBIES_2,HOBBIES_2_item_36
1889,4,HOBBIES_2,HOBBIES_2_item_37
1890,4,HOBBIES_2,HOBBIES_2_item_38
1891,4,HOBBIES_2,HOBBIES_2_item_39
1892,4,HOBBIES_2,HOBBIES_2_item_40
1893,4,HOBBIES_2,HOBBIES_2_item_41
1894,4,HOBBIES_2,HOBBIES_2_item_42
1895,4,HOBBIES_2,HOBBIES_2_item_43
1896,4,HOBBIES_2,HOBBIES_2_item_44
1897,4,HOBBIES_2,HOBBIES_2_item_45
1898,4,HOBBIES_2,HOBBIES_2_item_46
1899,4,HOBBIES_2,HOBBIES_2_item_47
1900,4,HOBBIES_2,HOBBIES_2_item_48
1901,4,HOBBIES_2,HOBBIES_2_item_49
1902,4,HOBBIES_2,HOBBIES_2_item_50
1903,4,HOBBIES_2,HOBBIES_2_item_51
1904,4,HOBBIES_2,HOBBIES_2_item_52
1905,4,HOBBIES_2,HOBBIES_2_item_53
1906,4,HOBBIES_2,HOBBIES_2_item_54
1907,4,HOBBIES_2,HOBBIES_2_item_55
1908,4,HOBBIES_2,HOBBIES_2_item_56
1909,4,HOBBIES_2,HOBBIES_2_item_57
1910,4,HOBBIES_2,HOBBIES_2_item_58
1911,4,HOBBIES_2,HOBBIES_2_item_59
1912,4,HOBBIES_2,HOBBIES_2_item_60
1913,4,HOBBIES_2,HOBBIES_2_item_61
1914,4,HOBBIES_2,HOBBIES_2_item_62
1915,4,HOBBIES_2,HOBBIES_2_item_63
1916,4,HOBBIES_2,HOBBIES_2_item_64
1917,4,HOBBIES_2,HOBBIES_2_item_65
1918,4,HOBBIES_2,HOBBIES_2_item_66
1919,4,HOBBIES_2,HOBBIES_2_item_67
1920,4,HOBBIES_2,HOBBIES_2_item_68
1921,4,HOBBIES_2,HOBBIES_2_item_69
1922,4,HOBBIES_2,HOBBIES_2_item_70
1923,4,HOBBIES_2,HOBBIES_2_item_71
1924,4,HOBBIES_2,HOBBIES_2_item_72
1925,4,HOBBIES_2,HOBBIES_2_item_73
1926,4,HOBBIES_2,HOBBIES_2_item_74
1927,4,HOBBIES_2,HOBBIES_2_item_75
1928,4,HOBBIES_2,HOBBIES_2_item_76
1929,4,HOBBIES_2,HOBBIES_2_item_77
1930,4,HOBBIES_2,HOBBIES_2_item_78
1931,4,HOBBIES_2,HOBBIES_2_item_79
1932,4,HOBBIES_2,HOBBIES_2_item_80
1933,4,HOBBIES_2,HOBBIES_2_item_81
1934,4,HOBBIES_2,HOBBIES_2_item_82
1935,4,HOBBIES_2,HOBBIES_2_item_83
1936,4,HOBBIES_2,HOBBIES_2_item_84
1937,4,HOBBIES_2,HOBBIES_2_item_85
1938,4,HOBBIES_2,HOBBIES_2_item_86
1939,4,HOBBIES_2,HOBBIES_2_item_87
1940,4,HOBBIES_2,HOBBIES_2_item_88
1941,4,HOBBIES_2,HOBBIES_2_item_89
1942,4,HOBBIES_2,HOBBIES_2_item_90
1943,4,HOBBIES_2,HOBBIES_2_item_91
1944,4,HOBBIES_2,HOBBIES_2_item_92
1945,4,HOBBIES_2,HOBBIES_2_item_93
1946,4,HOBBIES_2,HOBBIES_2_item_94
1947,4,HOBBIES_2,HOBBIES_2_item_95
1948,4,HOBBIES_2,HOBBIES_2_item_96
1949,4,HOBBIES_2,HOBBIES_2_item_97
1950,4,HOBBIES_2,HOBBIES_2_item_98
1951,4,HOBBIES_2,HOBBIES_2_item_99
1952,4,HOBBIES_2,HOBBIES_2_item_100
1953,4,HOBBIES_2,HOBBIES_2_item_101
1954,4,HOBBIES_2,HOBBIES_2_item_102
1955,4,HOBBIES_2,HOBBIES_2_item_103
1956,4,HOBBIES_2,HOBBIES_2_item_104
1957,4,HOBBIES_2,HOBBIES_2_item_105
1958,4,HOBBIES_2,HOBBIES_2_item_106
1959,4,HOBBIES_2,HOBBIES_2_item_107
1960,4,HOBBIES_2,HOBBIES_2_item_108
1961,4,HOBBIES_2,HOBBIES_2_item_109
1962,4,HOBBIES_2,HOBBIES_2_item_110
1963,4,HOBBIES_2,HOBBIES_2_item_111
1964,4,HOBBIES_2,HOBBIES_2_item_112
1965,4,HOBBIES_2,HOBBIES_2_item_113
1966,4,HOBBIES_2,HOBBIES_2_item_114
1967,4,HOBBIES_2,HOBBIES_2_item_115
1968,4,HOBBIES_2,HOBBIES_2_item_116
1969,4,HOBBIES_2,HOBBIES_2_item_117
1970,4,HOBBIES_2,HOBBIES_2_item_118
1971,4,HOBBIES_2,HOBBIES_2_item_119
1972,4,HOBBIES_2,HOBBIES_2_item_120
1973,4,HOBBIES_2,HOBBIES_2_item_121
1974,4,HOBBIES_2,HOBBIES_2_item_122
1975,4,HOBBIES_2,HOBBIES_2_item_123
1976,4,HOBBIES_2,HOBBIES_2_item_124
1977,4,HOBBIES_2,HOBBIES_2_item_125
1978,4,HOBBIES_2,HOBBIES_2_item_126
1979,4,HOBBIES_2,HOBBIES_2_item_127
1980,4,HOBBIES_2,HOBBIES_2_item_128
1981,4,HOBBIES_2,HOBBIES_2_item_129
1982,4,HOBBIES_2,HOBBIES_2_item_130
1983,4,HOBBIES_2,HOBBIES_2_item_131
1984,4,HOBBIES_2,HOBBIES_2_item_132
1985,4,HOBBIES_2,HOBBIES_2_item_133
1986,4,HOBBIES_2,HOBBIES_2_item_134
1987,4,HOBBIES_2,HOBBIES_2_item_135
1988,4,HOBBIES_2,HOBBIES_2_item_136
1989,4,HOBBIES_2,HOBBIES_2_item_137
1990,4,HOBBIES_2,HOBBIES_2_item_138
1991,4,HOBBIES_2,HOBBIES_2_item_139
1992,4,HOBBIES_2,HOBBIES_2_item_140
1993,4,HOBBIES_2,HOBBIES_2_item_141
1994,4,HOBBIES_2,HOBBIES_2_item_142
1995,4,HOBBIES_2,HOBBIES_2_item_143
1996,4,HOBBIES_2,HOBBIES_2_item_144
1997,4,HOBBIES_2,HOBBIES_2_item_145
1998,4,HOBBIES_2,HOBBIES_2_item_146
1999,4,HOBBIES_2,HOBBIES_2_item_147
2000,4,HOBBIES_2,HOBBIES_2_item_148
2001,4,HOBBIES_2,HOBBIES_2_item_149
2002,5,HOUSEHOLD_1,HOUSEHOLD_1_item_1
2003,5,HOUSEHOLD_1,HOUSEHOLD_1_item_2
2004,5,HOUSEHOLD_1,HOUSEHOLD_1_item_3
2005,5,HOUSEHOLD_1,HOUSEHOLD_1_item_4
2006,5,HOUSEHOLD_1,HOUSEHOLD_1_item_5
2007,5,HOUSEHOLD_1,HOUSEHOLD_1_item_6
2008,5,HOUSEHOLD_1,HOUSEHOLD_1_item_7
2009,5,HOUSEHOLD_1,HOUSEHOLD_1_item_8
2010,5,HOUSEHOLD_1,HOUSEHOLD_1_item_9
2011,5,HOUSEHOLD_1,HOUSEHOLD_1_item_10
2012,5,HOUSEHOLD_1,HOUSEHOLD_1_item_11
2013,5,HOUSEHOLD_1,HOUSEHOLD_1_item_12
2014,5,HOUSEHOLD_1,HOUSEHOLD_1_item_13
2015,5,HOUSEHOLD_1,HOUSEHOLD_1_item_14
2016,5,HOUSEHOLD_1,HOUSEHOLD_1_item_15
2017,5,HOUSEHOLD_1,HOUSEHOLD_1_item_16
2018,5,HOUSEHOLD_1,HOUSEHOLD_1_item_17
2019,5,HOUSEHOLD_1,HOUSEHOLD_1_item_18
2020,5,HOUSEHOLD_1,HOUSEHOLD_1_item_19
2021,5,HOUSEHOLD_1,HOUSEHOLD_1_item_20
2022,5,HOUSEHOLD_1,HOUSEHOLD_1_item_21
2023,5,HOUSEHOLD_1,HOUSEHOLD_1_item_22
2024,5,HOUSEHOLD_1,HOUSEHOLD_1_item_23
2025,5,HOUSEHOLD_1,HOUSEHOLD_1_item_24
2026,5,HOUSEHOLD_1,HOUSEHOLD_1_item_25
2027,5,HOUSEHOLD_1,HOUSEHOLD_1_item_26
2028,5,HOUSEHOLD_1,HOUSEHOLD_1_item_27
2029,5,HOUSEHOLD_1,HOUSEHOLD_1_item_28
2030,5,HOUSEHOLD_1,HOUSEHOLD_1_item_29
2031,5,HOUSEHOLD_1,HOUSEHOLD_1_item_30
2032,5,HOUSEHOLD_1,HOUSEHOLD_1_item_31
2033,5,HOUSEHOLD_1,HOUSEHOLD_1_item_32
2034,5,HOUSEHOLD_1,HOUSEHOLD_1_item_33
2035,5,HOUSEHOLD_1,HOUSEHOLD_1_item_34
2036,5,HOUSEHOLD_1,HOUSEHOLD_1_item_35
2037,5,HOUSEHOLD_1,HOUSEHOLD_1_item_36
2038,5,HOUSEHOLD_1,HOUSEHOLD_1_item_37
2039,5,HOUSEHOLD_1,HOUSEHOLD_1_item_38
2040,5,HOUSEHOLD_1,HOUSEHOLD_1_item_39
2041,5,HOUSEHOLD_1,HOUSEHOLD_1_item_40
2042,5,HOUSEHOLD_1,HOUSEHOLD_1_item_41
2043,5,HOUSEHOLD_1,HOUSEHOLD_1_item_42
2044,5,HOUSEHOLD_1,HOUSEHOLD_1_item_43
2045,5,HOUSEHOLD_1,HOUSEHOLD_1_item_44
2046,5,HOUSEHOLD_1,HOUSEHOLD_1_item_45
2047,5,HOUSEHOLD_1,HOUSEHOLD_1_item_46
2048,5,HOUSEHOLD_1,HOUSEHOLD_1_item_47
2049,5,HOUSEHOLD_1,HOUSEHOLD_1_item_48
2050,5,HOUSEHOLD_1,HOUSEHOLD_1_item_49
2051,5,HOUSEHOLD_1,HOUSEHOLD_1_item_50
2052,5,HOUSEHOLD_1,HOUSEHOLD_1_item_51
2053,5,HOUSEHOLD_1,HOUSEHOLD_1_item_52
2054,5,HOUSEHOLD_1,HOUSEHOLD_1_item_53
2055,5,HOUSEHOLD_1,HOUSEHOLD_1_item_54
2056,5,HOUSEHOLD_1,HOUSEHOLD_1_item_55
2057,5,HOUSEHOLD_1,HOUSEHOLD_1_item_56
2058,5,HOUSEHOLD_1,HOUSEHOLD_1_item_57
2059,5,HOUSEHOLD_1,HOUSEHOLD_1_item_58
2060,5,HOUSEHOLD_1,HOUSEHOLD_1_item_59
2061,5,HOUSEHOLD_1,HOUSEHOLD_1_item_60
2062,5,HOUSEHOLD_1,HOUSEHOLD_1_item_61
2063,5,HOUSEHOLD_1,HOUSEHOLD_1_item_62
2064,5,HOUSEHOLD_1,HOUSEHOLD_1_item_63
2065,5,HOUSEHOLD_1,HOUSEHOLD_1_item_64
2066,5,HOUSEHOLD_1,HOUSEHOLD_1_item_65
2067,5,HOUSEHOLD_1,HOUSEHOLD_1_item_66
2068,5,HOUSEHOLD_1,HOUSEHOLD_1_item_67
2069,5,HOUSEHOLD_1,HOUSEHOLD_1_item_68
2070,5,HOUSEHOLD_1,HOUSEHOLD_1_item_69
2071,5,HOUSEHOLD_1,HOUSEHOLD_1_item_70
2072,5,HOUSEHOLD_1,HOUSEHOLD_1_item_71
2073,5,HOUSEHOLD_1,HOUSEHOLD_1_item_72
2074,5,HOUSEHOLD_1,HOUSEHOLD_1_item_73
2075,5,HOUSEHOLD_1,HOUSEHOLD_1_item_74
2076,5,HOUSEHOLD_1,HOUSEHOLD_1_item_75
2077,5,HOUSEHOLD_1,HOUSEHOLD_1_item_76
2078,5,HOUSEHOLD_1,HOUSEHOLD_1_item_77
2079,5,HOUSEHOLD_1,HOUSEHOLD_1_item_78
2080,5,HOUSEHOLD_1,HOUSEHOLD_1_item_79
2081,5,HOUSEHOLD_1,HOUSEHOLD_1_item_80
2082,5,HOUSEHOLD_1,HOUSEHOLD_1_item_81
2083,5,HOUSEHOLD_1,HOUSEHOLD_1_item_82
2084,5,HOUSEHOLD_1,HOUSEHOLD_1_item_83
2085,5,HOUSEHOLD_1,HOUSEHOLD_1_item_84
2086,5,HOUSEHOLD_1,HOUSEHOLD_1_item_85
2087,5,HOUSEHOLD_1,HOUSEHOLD_1_item_86
2088,5,HOUSEHOLD_1,HOUSEHOLD_1_item_87
2089,5,HOUSEHOLD_1,HOUSEHOLD_1_item_88
2090,5,HOUSEHOLD_1,HOUSEHOLD_1_item_89
2091,5,HOUSEHOLD_1,HOUSEHOLD_1_item_90
2092,5,HOUSEHOLD_1,HOUSEHOLD_1_item_91
2093,5,HOUSEHOLD_1,HOUSEHOLD_1_item_92
2094,5,HOUSEHOLD_1,HOUSEHOLD_1_item_93
2095,5,HOUSEHOLD_1,HOUSEHOLD_1_item_94
2096,5,HOUSEHOLD_1,HOUSEHOLD_1_item_95
2097,5,HOUSEHOLD_1,HOUSEHOLD_1_item_96
2098,5,HOUSEHOLD_1,HOUSEHOLD_1_item_97
2099,5,HOUSEHOLD_1,HOUSEHOLD_1_item_98
2100,5,HOUSEHOLD_1,HOUSEHOLD_1_item_99
2101,5,HOUSEHOLD_1,HOUSEHOLD_1_item_100
2102,5,HOUSEHOLD_1,HOUSEHOLD_1_item_101
2103,5,HOUSEHOLD_1,HOUSEHOLD_1_item_102
2104,5,HOUSEHOLD_1,HOUSEHOLD_1_item_103
2105,5,HOUSEHOLD_1,HOUSEHOLD_1_item_104
2106,5,HOUSEHOLD_1,HOUSEHOLD_1_item_105
2107,5,HOUSEHOLD_1,HOUSEHOLD_1_item_106
2108,5,HOUSEHOLD_1,HOUSEHOLD_1_item_107
2109,5,HOUSEHOLD_1,HOUSEHOLD_1_item_108
2110,5,HOUSEHOLD_1,HOUSEHOLD_1_item_109
2111,5,HOUSEHOLD_1,HOUSEHOLD_1_item_110
2112,5,HOUSEHOLD_1,HOUSEHOLD_1_item_111
2113,5,HOUSEHOLD_1,HOUSEHOLD_1_item_112
2114,5,HOUSEHOLD_1,HOUSEHOLD_1_item_113
2115,5,HOUSEHOLD_1,HOUSEHOLD_1_item_114
2116,5,HOUSEHOLD_1,HOUSEHOLD_1_item_115
2117,5,HOUSEHOLD_1,HOUSEHOLD_1_item_116
2118,5,HOUSEHOLD_1,HOUSEHOLD_1_item_117
2119,5,HOUSEHOLD_1,HOUSEHOLD_1_item_118
2120,5,HOUSEHOLD_1,HOUSEHOLD_1_item_119
2121,5,HOUSEHOLD_1,HOUSEHOLD_1_item_120
2122,5,HOUSEHOLD_1,HOUSEHOLD_1_item_121
2123,5,HOUSEHOLD_1,HOUSEHOLD_1_item_122
2124,5,HOUSEHOLD_1,HOUSEHOLD_1_item_123
2125,5,HOUSEHOLD_1,HOUSEHOLD_1_item_124
2126,5,HOUSEHOLD_1,HOUSEHOLD_1_item_125
2127,5,HOUSEHOLD_1,HOUSEHOLD_1_item_126
2128,5,HOUSEHOLD_1,HOUSEHOLD_1_item_127
2129,5,HOUSEHOLD_1,HOUSEHOLD_1_item_128
2130,5,HOUSEHOLD_1,HOUSEHOLD_1_item_129
2131,5,HOUSEHOLD_1,HOUSEHOLD_1_item_130
2132,5,HOUSEHOLD_1,HOUSEHOLD_1_item_131
2133,5,HOUSEHOLD_1,HOUSEHOLD_1_item_132
2134,5,HOUSEHOLD_1,HOUSEHOLD_1_item_133
2135,5,HOUSEHOLD_1,HOUSEHOLD_1_item_134
2136,5,HOUSEHOLD_1,HOUSEHOLD_1_item_135
2137,5,HOUSEHOLD_1,HOUSEHOLD_1_item_136
2138,5,HOUSEHOLD_1,HOUSEHOLD_1_item_137
2139,5,HOUSEHOLD_1,HOUSEHOLD_1_item_138
2140,5,HOUSEHOLD_1,HOUSEHOLD_1_item_139
2141,5,HOUSEHOLD_1,HOUSEHOLD_1_item_140
2142,5,HOUSEHOLD_1,HOUSEHOLD_1_item_141
2143,5,HOUSEHOLD_1,HOUSEHOLD_1_item_142
2144,5,HOUSEHOLD_1,HOUSEHOLD_1_item_143
2145,5,HOUSEHOLD_1,HOUSEHOLD_1_item_144
2146,5,HOUSEHOLD_1,HOUSEHOLD_1_item_145
2147,5,HOUSEHOLD_1,HOUSEHOLD_1_item_146
2148,5,HOUSEHOLD_1,HOUSEHOLD_1_item_147
2149,5,HOUSEHOLD_1,HOUSEHOLD_1_item_148
2150,5,HOUSEHOLD_1,HOUSEHOLD_1_item_149
2151,5,HOUSEHOLD_1,HOUSEHOLD_1_item_150
2152,5,HOUSEHOLD_1,HOUSEHOLD_1_item_151
2153,5,HOUSEHOLD_1,HOUSEHOLD_1_item_152
2154,5,HOUSEHOLD_1,HOUSEHOLD_1_item_153
2155,5,HOUSEHOLD_1,HOUSEHOLD_1_item_154
2156,5,HOUSEHOLD_1,HOUSEHOLD_1_item_155
2157,5,HOUSEHOLD_1,HOUSEHOLD_1_item_156
2158,5,HOUSEHOLD_1,HOUSEHOLD_1_item_157
2159,5,HOUSEHOLD_1,HOUSEHOLD_1_item_158
2160,5,HOUSEHOLD_1,HOUSEHOLD_1_item_159
2161,5,HOUSEHOLD_1,HOUSEHOLD_1_item_160
2162,5,HOUSEHOLD_1,HOUSEHOLD_1_item_161
2163,5,HOUSEHOLD_1,HOUSEHOLD_1_item_162
2164,5,HOUSEHOLD_1,HOUSEHOLD_1_item_163
2165,5,HOUSEHOLD_1,HOUSEHOLD_1_item_164
2166,5,HOUSEHOLD_1,HOUSEHOLD_1_item_165
2167,5,HOUSEHOLD_1,HOUSEHOLD_1_item_166
2168,5,HOUSEHOLD_1,HOUSEHOLD_1_item_167
2169,5,HOUSEHOLD_1,HOUSEHOLD_1_item_168
2170,5,HOUSEHOLD_1,HOUSEHOLD_1_item_169
2171,5,HOUSEHOLD_1,HOUSEHOLD_1_item_170
2172,5,HOUSEHOLD_1,HOUSEHOLD_1_item_171
2173,5,HOUSEHOLD_1,HOUSEHOLD_1_item_172
2174,5,HOUSEHOLD_1,HOUSEHOLD_1_item_173
2175,5,HOUSEHOLD_1,HOUSEHOLD_1_item_174
2176,5,HOUSEHOLD_1,HOUSEHOLD_1_item_175
2177,5,HOUSEHOLD_1,HOUSEHOLD_1_item_176
2178,5,HOUSEHOLD_1,HOUSEHOLD_1_item_177
2179,5,HOUSEHOLD_1,HOUSEHOLD_1_item_178
2180,5,HOUSEHOLD_1,HOUSEHOLD_1_item_179
2181,5,HOUSEHOLD_1,HOUSEHOLD_1_item_180
2182,5,HOUSEHOLD_1,HOUSEHOLD_1_item_181
2183,5,HOUSEHOLD_1,HOUSEHOLD_1_item_182
2184,5,HOUSEHOLD_1,HOUSEHOLD_1_item_183
2185,5,HOUSEHOLD_1,HOUSEHOLD_1_item_184
2186,5,HOUSEHOLD_1,HOUSEHOLD_1_item_185
2187,5,HOUSEHOLD_1,HOUSEHOLD_1_item_186
2188,5,HOUSEHOLD_1,HOUSEHOLD_1_item_187
2189,5,HOUSEHOLD_1,HOUSEHOLD_1_item_188
2190,5,HOUSEHOLD_1,HOUSEHOLD_1_item_189
2191,5,HOUSEHOLD_1,HOUSEHOLD_1_item_190
2192,5,HOUSEHOLD_1,HOUSEHOLD_1_item_191
2193,5,HOUSEHOLD_1,HOUSEHOLD_1_item_192
2194,5,HOUSEHOLD_1,HOUSEHOLD_1_item_193
2195,5,HOUSEHOLD_1,HOUSEHOLD_1_item_194
2196,5,HOUSEHOLD_1,HOUSEHOLD_1_item_195
2197,5,HOUSEHOLD_1,HOUSEHOLD_1_item_196
2198,5,HOUSEHOLD_1,HOUSEHOLD_1_item_197
2199,5,HOUSEHOLD_1,HOUSEHOLD_1_item_198
2200,5,HOUSEHOLD_1,HOUSEHOLD_1_item_199
2201,5,HOUSEHOLD_1,HOUSEHOLD_1_item_200
2202,5,HOUSEHOLD_1,HOUSEHOLD_1_item_201
2203,5,HOUSEHOLD_1,HOUSEHOLD_1_item_202
2204,5,HOUSEHOLD_1,HOUSEHOLD_1_item_203
2205,5,HOUSEHOLD_1,HOUSEHOLD_1_item_204
2206,5,HOUSEHOLD_1,HOUSEHOLD_1_item_205
2207,5,HOUSEHOLD_1,HOUSEHOLD_1_item_206
2208,5,HOUSEHOLD_1,HOUSEHOLD_1_item_207
2209,5,HOUSEHOLD_1,HOUSEHOLD_1_item_208
2210,5,HOUSEHOLD_1,HOUSEHOLD_1_item_209
2211,5,HOUSEHOLD_1,HOUSEHOLD_1_item_210
2212,5,HOUSEHOLD_1,HOUSEHOLD_1_item_211
2213,5,HOUSEHOLD_1,HOUSEHOLD_1_item_212
2214,5,HOUSEHOLD_1,HOUSEHOLD_1_item_213
2215,5,HOUSEHOLD_1,HOUSEHOLD_1_item_214
2216,5,HOUSEHOLD_1,HOUSEHOLD_1_item_215
2217,5,HOUSEHOLD_1,HOUSEHOLD_1_item_216
2218,5,HOUSEHOLD_1,HOUSEHOLD_1_item_217
2219,5,HOUSEHOLD_1,HOUSEHOLD_1_item_218
2220,5,HOUSEHOLD_1,HOUSEHOLD_1_item_219
2221,5,HOUSEHOLD_1,HOUSEHOLD_1_item_220
2222,5,HOUSEHOLD_1,HOUSEHOLD_1_item_221
2223,5,HOUSEHOLD_1,HOUSEHOLD_1_item_222
2224,5,HOUSEHOLD_1,HOUSEHOLD_1_item_223
2225,5,HOUSEHOLD_1,HOUSEHOLD_1_item_224
2226,5,HOUSEHOLD_1,HOUSEHOLD_1_item_225
2227,5,HOUSEHOLD_1,HOUSEHOLD_1_item_226
2228,5,HOUSEHOLD_1,HOUSEHOLD_1_item_227
2229,5,HOUSEHOLD_1,HOUSEHOLD_1_item_228
2230,5,HOUSEHOLD_1,HOUSEHOLD_1_item_229
2231,5,HOUSEHOLD_1,HOUSEHOLD_1_item_230
2232,5,HOUSEHOLD_1,HOUSEHOLD_1_item_231
2233,5,HOUSEHOLD_1,HOUSEHOLD_1_item_232
2234,5,HOUSEHOLD_1,HOUSEHOLD_1_item_233
2235,5,HOUSEHOLD_1,HOUSEHOLD_1_item_234
2236,5,HOUSEHOLD_1,HOUSEHOLD_1_item_235
2237,5,HOUSEHOLD_1,HOUSEHOLD_1_item_236
2238,5,HOUSEHOLD_1,HOUSEHOLD_1_item_237
2239,5,HOUSEHOLD_1,HOUSEHOLD_1_item_238
2240,5,HOUSEHOLD_1,HOUSEHOLD_1_item_239
2241,5,HOUSEHOLD_1,HOUSEHOLD_1_item_240
2242,5,HOUSEHOLD_1,HOUSEHOLD_1_item_241
2243,5,HOUSEHOLD_1,HOUSEHOLD_1_item_242
2244,5,HOUSEHOLD_1,HOUSEHOLD_1_item_243
2245,5,HOUSEHOLD_1,HOUSEHOLD_1_item_244
2246,5,HOUSEHOLD_1,HOUSEHOLD_1_item_245
2247,5,HOUSEHOLD_1,HOUSEHOLD_1_item_246
2248,5,HOUSEHOLD_1,HOUSEHOLD_1_item_247
2249,5,HOUSEHOLD_1,HOUSEHOLD_1_item_248
2250,5,HOUSEHOLD_1,HOUSEHOLD_1_item_249
2251,5,HOUSEHOLD_1,HOUSEHOLD_1_item_250
2252,5,HOUSEHOLD_1,HOUSEHOLD_1_item_251
2253,5,HOUSEHOLD_1,HOUSEHOLD_1_item_252
2254,5,HOUSEHOLD_1,HOUSEHOLD_1_item_253
2255,5,HOUSEHOLD_1,HOUSEHOLD_1_item_254
2256,5,HOUSEHOLD_1,HOUSEHOLD_1_item_255
2257,5,HOUSEHOLD_1,HOUSEHOLD_1_item_256
2258,5,HOUSEHOLD_1,HOUSEHOLD_1_item_257
2259,5,HOUSEHOLD_1,HOUSEHOLD_1_item_258
2260,5,HOUSEHOLD_1,HOUSEHOLD_1_item_259
2261,5,HOUSEHOLD_1,HOUSEHOLD_1_item_260
2262,5,HOUSEHOLD_1,HOUSEHOLD_1_item_261
2263,5,HOUSEHOLD_1,HOUSEHOLD_1_item_262
2264,5,HOUSEHOLD_1,HOUSEHOLD_1_item_263
2265,5,HOUSEHOLD_1,HOUSEHOLD_1_item_264
2266,5,HOUSEHOLD_1,HOUSEHOLD_1_item_265
2267,5,HOUSEHOLD_1,HOUSEHOLD_1_item_266
2268,5,HOUSEHOLD_1,HOUSEHOLD_1_item_267
2269,5,HOUSEHOLD_1,HOUSEHOLD_1_item_268
2270,5,HOUSEHOLD_1,HOUSEHOLD_1_item_269
2271,5,HOUSEHOLD_1,HOUSEHOLD_1_item_270
2272,5,HOUSEHOLD_1,HOUSEHOLD_1_item_271
2273,5,HOUSEHOLD_1,HOUSEHOLD_1_item_272
2274,5,HOUSEHOLD_1,HOUSEHOLD_1_item_273
2275,5,HOUSEHOLD_1,HOUSEHOLD_1_item_274
2276,5,HOUSEHOLD_1,HOUSEHOLD_1_item_275
2277,5,HOUSEHOLD_1,HOUSEHOLD_1_item_276
2278,5,HOUSEHOLD_1,HOUSEHOLD_1_item_277
2279,5,HOUSEHOLD_1,HOUSEHOLD_1_item_278
2280,5,HOUSEHOLD_1,HOUSEHOLD_1_item_279
2281,5,HOUSEHOLD_1,HOUSEHOLD_1_item_280
2282,5,HOUSEHOLD_1,HOUSEHOLD_1_item_281
2283,5,HOUSEHOLD_1,HOUSEHOLD_1_item_282
2284,5,HOUSEHOLD_1,HOUSEHOLD_1_item_283
2285,5,HOUSEHOLD_1,HOUSEHOLD_1_item_284
2286,5,HOUSEHOLD_1,HOUSEHOLD_1_item_285
2287,5,HOUSEHOLD_1,HOUSEHOLD_1_item_286
2288,5,HOUSEHOLD_1,HOUSEHOLD_1_item_287
2289,5,HOUSEHOLD_1,HOUSEHOLD_1_item_288
2290,5,HOUSEHOLD_1,HOUSEHOLD_1_item_289
2291,5,HOUSEHOLD_1,HOUSEHOLD_1_item_290
2292,5,HOUSEHOLD_1,HOUSEHOLD_1_item_291
2293,5,HOUSEHOLD_1,HOUSEHOLD_1_item_292
2294,5,HOUSEHOLD_1,HOUSEHOLD_1_item_293
2295,5,HOUSEHOLD_1,HOUSEHOLD_1_item_294
2296,5,HOUSEHOLD_1,HOUSEHOLD_1_item_295
2297,5,HOUSEHOLD_1,HOUSEHOLD_1_item_296
2298,5,HOUSEHOLD_1,HOUSEHOLD_1_item_297
2299,5,HOUSEHOLD_1,HOUSEHOLD_1_item_298
2300,5,HOUSEHOLD_1,HOUSEHOLD_1_item_299
2301,5,HOUSEHOLD_1,HOUSEHOLD_1_item_300
2302,5,HOUSEHOLD_1,HOUSEHOLD_1_item_301
2303,5,HOUSEHOLD_1,HOUSEHOLD_1_item_302
2304,5,HOUSEHOLD_1,HOUSEHOLD_1_item_303
2305,5,HOUSEHOLD_1,HOUSEHOLD_1_item_304
2306,5,HOUSEHOLD_1,HOUSEHOLD_1_item_305
2307,5,HOUSEHOLD_1,HOUSEHOLD_1_item_306
2308,5,HOUSEHOLD_1,HOUSEHOLD_1_item_307
2309,5,HOUSEHOLD_1,HOUSEHOLD_1_item_308
2310,5,HOUSEHOLD_1,HOUSEHOLD_1_item_309
2311,5,HOUSEHOLD_1,HOUSEHOLD_1_item_310
2312,5,HOUSEHOLD_1,HOUSEHOLD_1_item_311
2313,5,HOUSEHOLD_1,HOUSEHOLD_1_item_312
2314,5,HOUSEHOLD_1,HOUSEHOLD_1_item_313
2315,5,HOUSEHOLD_1,HOUSEHOLD_1_item_314
2316,5,HOUSEHOLD_1,HOUSEHOLD_1_item_315
2317,5,HOUSEHOLD_1,HOUSEHOLD_1_item_316
2318,5,HOUSEHOLD_1,HOUSEHOLD_1_item_317
2319,5,HOUSEHOLD_1,HOUSEHOLD_1_item_318
2320,5,HOUSEHOLD_1,HOUSEHOLD_1_item_319
2321,5,HOUSEHOLD_1,HOUSEHOLD_1_item_320
2322,5,HOUSEHOLD_1,HOUSEHOLD_1_item_321
2323,5,HOUSEHOLD_1,HOUSEHOLD_1_item_322
2324,5,HOUSEHOLD_1,HOUSEHOLD_1_item_323
2325,5,HOUSEHOLD_1,HOUSEHOLD_1_item_324
2326,5,HOUSEHOLD_1,HOUSEHOLD_1_item_325
2327,5,HOUSEHOLD_1,HOUSEHOLD_1_item_326
2328,5,HOUSEHOLD_1,HOUSEHOLD_1_item_327
2329,5,HOUSEHOLD_1,HOUSEHOLD_1_item_328
2330,5,HOUSEHOLD_1,HOUSEHOLD_1_item_329
2331,5,HOUSEHOLD_1,HOUSEHOLD_1_item_330
2332,5,HOUSEHOLD_1,HOUSEHOLD_1_item_331
2333,5,HOUSEHOLD_1,HOUSEHOLD_1_item_332
2334,5,HOUSEHOLD_1,HOUSEHOLD_1_item_333
2335,5,HOUSEHOLD_1,HOUSEHOLD_1_item_334
2336,5,HOUSEHOLD_1,HOUSEHOLD_1_item_335
2337,5,HOUSEHOLD_1,HOUSEHOLD_1_item_336
2338,5,HOUSEHOLD_1,HOUSEHOLD_1_item_337
2339,5,HOUSEHOLD_1,HOUSEHOLD_1_item_338
2340,5,HOUSEHOLD_1,HOUSEHOLD_1_item_339
2341,5,HOUSEHOLD_1,HOUSEHOLD_1_item_340
2342,5,HOUSEHOLD_1,HOUSEHOLD_1_item_341
2343,5,HOUSEHOLD_1,HOUSEHOLD_1_item_342
2344,5,HOUSEHOLD_1,HOUSEHOLD_1_item_343
2345,5,HOUSEHOLD_1,HOUSEHOLD_1_item_344
2346,5,HOUSEHOLD_1,HOUSEHOLD_1_item_345
2347,5,HOUSEHOLD_1,HOUSEHOLD_1_item_346
2348,5,HOUSEHOLD_1,HOUSEHOLD_1_item_347
2349,5,HOUSEHOLD_1,HOUSEHOLD_1_item_348
2350,5,HOUSEHOLD_1,HOUSEHOLD_1_item_349
2351,5,HOUSEHOLD_1,HOUSEHOLD_1_item_350
2352,5,HOUSEHOLD_1,HOUSEHOLD_1_item_351
2353,5,HOUSEHOLD_1,HOUSEHOLD_1_item_352
2354,5,HOUSEHOLD_1,HOUSEHOLD_1_item_353
2355,5,HOUSEHOLD_1,HOUSEHOLD_1_item_354
2356,5,HOUSEHOLD_1,HOUSEHOLD_1_item_355
2357,5,HOUSEHOLD_1,HOUSEHOLD_1_item_356
2358,5,HOUSEHOLD_1,HOUSEHOLD_1_item_357
2359,5,HOUSEHOLD_1,HOUSEHOLD_1_item_358
2360,5,HOUSEHOLD_1,HOUSEHOLD_1_item_359
2361,5,HOUSEHOLD_1,HOUSEHOLD_1_item_360
2362,5,HOUSEHOLD_1,HOUSEHOLD_1_item_361
2363,5,HOUSEHOLD_1,HOUSEHOLD_1_item_362
2364,5,HOUSEHOLD_1,HOUSEHOLD_1_item_363
2365,5,HOUSEHOLD_1,HOUSEHOLD_1_item_364
2366,5,HOUSEHOLD_1,HOUSEHOLD_1_item_365
2367,5,HOUSEHOLD_1,HOUSEHOLD_1_item_366
2368,5,HOUSEHOLD_1,HOUSEHOLD_1_item_367
2369,5,HOUSEHOLD_1,HOUSEHOLD_1_item_368
2370,5,HOUSEHOLD_1,HOUSEHOLD_1_item_369
2371,5,HOUSEHOLD_1,HOUSEHOLD_1_item_370
2372,5,HOUSEHOLD_1,HOUSEHOLD_1_item_371
2373,5,HOUSEHOLD_1,HOUSEHOLD_1_item_372
2374,5,HOUSEHOLD_1,HOUSEHOLD_1_item_373
2375,5,HOUSEHOLD_1,HOUSEHOLD_1_item_374
2376,5,HOUSEHOLD_1,HOUSEHOLD_1_item_375
2377,5,HOUSEHOLD_1,HOUSEHOLD_1_item_376
2378,5,HOUSEHOLD_1,HOUSEHOLD_1_item_377
2379,5,HOUSEHOLD_1,HOUSEHOLD_1_item_378
2380,5,HOUSEHOLD_1,HOUSEHOLD_1_item_379
2381,5,HOUSEHOLD_1,HOUSEHOLD_1_item_380
2382,5,HOUSEHOLD_1,HOUSEHOLD_1_item_381
2383,5,HOUSEHOLD_1,HOUSEHOLD_1_item_382
2384,5,HOUSEHOLD_1,HOUSEHOLD_1_item_383
2385,5,HOUSEHOLD_1,HOUSEHOLD_1_item_384
2386,5,HOUSEHOLD_1,HOUSEHOLD_1_item_385
2387,5,HOUSEHOLD_1,HOUSEHOLD_1_item_386
2388,5,HOUSEHOLD_1,HOUSEHOLD_1_item_387
2389,5,HOUSEHOLD_1,HOUSEHOLD_1_item_388
2390,5,HOUSEHOLD_1,HOUSEHOLD_1_item_389
2391,5,HOUSEHOLD_1,HOUSEHOLD_1_item_390
2392,5,HOUSEHOLD_1,HOUSEHOLD_1_item_391
2393,5,HOUSEHOLD_1,HOUSEHOLD_1_item_392
2394,5,HOUSEHOLD_1,HOUSEHOLD_1_item_393
2395,5,HOUSEHOLD_1,HOUSEHOLD_1_item_394
2396,5,HOUSEHOLD_1,HOUSEHOLD_1_item_395
2397,5,HOUSEHOLD_1,HOUSEHOLD_1_item_396
2398,5,HOUSEHOLD_1,HOUSEHOLD_1_item_397
2399,5,HOUSEHOLD_1,HOUSEHOLD_1_item_398
2400,5,HOUSEHOLD_1,HOUSEHOLD_1_item_399
2401,5,HOUSEHOLD_1,HOUSEHOLD_1_item_400
2402,5,HOUSEHOLD_1,HOUSEHOLD_1_item_401
2403,5,HOUSEHOLD_1,HOUSEHOLD_1_item_402
2404,5,HOUSEHOLD_1,HOUSEHOLD_1_item_403
2405,5,HOUSEHOLD_1,HOUSEHOLD_1_item_404
2406,5,HOUSEHOLD_1,HOUSEHOLD_1_item_405
2407,5,HOUSEHOLD_1,HOUSEHOLD_1_item_406
2408,5,HOUSEHOLD_1,HOUSEHOLD_1_item_407
2409,5,HOUSEHOLD_1,HOUSEHOLD_1_item_408
2410,5,HOUSEHOLD_1,HOUSEHOLD_1_item_409
2411,5,HOUSEHOLD_1,HOUSEHOLD_1_item_410
2412,5,HOUSEHOLD_1,HOUSEHOLD_1_item_411
2413,5,HOUSEHOLD_1,HOUSEHOLD_1_item_412
2414,5,HOUSEHOLD_1,HOUSEHOLD_1_item_413
2415,5,HOUSEHOLD_1,HOUSEHOLD_1_item_414
2416,5,HOUSEHOLD_1,HOUSEHOLD_1_item_415
2417,5,HOUSEHOLD_1,HOUSEHOLD_1_item_416
2418,5,HOUSEHOLD_1,HOUSEHOLD_1_item_417
2419,5,HOUSEHOLD_1,HOUSEHOLD_1_item_418
2420,5,HOUSEHOLD_1,HOUSEHOLD_1_item_419
2421,5,HOUSEHOLD_1,HOUSEHOLD_1_item_420
2422,5,HOUSEHOLD_1,HOUSEHOLD_1_item_421
2423,5,HOUSEHOLD_1,HOUSEHOLD_1_item_422
2424,5,HOUSEHOLD_1,HOUSEHOLD_1_item_423
2425,5,HOUSEHOLD_1,HOUSEHOLD_1_item_424
2426,5,HOUSEHOLD_1,HOUSEHOLD_1_item_425
2427,5,HOUSEHOLD_1,HOUSEHOLD_1_item_426
2428,5,HOUSEHOLD_1,HOUSEHOLD_1_item_427
2429,5,HOUSEHOLD_1,HOUSEHOLD_1_item_428
2430,5,HOUSEHOLD_1,HOUSEHOLD_1_item_429
2431,5,HOUSEHOLD_1,HOUSEHOLD_1_item_430
2432,5,HOUSEHOLD_1,HOUSEHOLD_1_item_431
2433,5,HOUSEHOLD_1,HOUSEHOLD_1_item_432
2434,5,HOUSEHOLD_1,HOUSEHOLD_1_item_433
2435,5,HOUSEHOLD_1,HOUSEHOLD_1_item_434
2436,5,HOUSEHOLD_1,HOUSEHOLD_1_item_435
2437,5,HOUSEHOLD_1,HOUSEHOLD_1_item_436
2438,5,HOUSEHOLD_1,HOUSEHOLD_1_item_437
2439,5,HOUSEHOLD_1,HOUSEHOLD_1_item_438
2440,5,HOUSEHOLD_1,HOUSEHOLD_1_item_439
2441,5,HOUSEHOLD_1,HOUSEHOLD_1_item_440
2442,5,HOUSEHOLD_1,HOUSEHOLD_1_item_441
2443,5,HOUSEHOLD_1,HOUSEHOLD_1_item_442
2444,5,HOUSEHOLD_1,HOUSEHOLD_1_item_443
2445,5,HOUSEHOLD_1,HOUSEHOLD_1_item_444
2446,5,HOUSEHOLD_1,HOUSEHOLD_1_item_445
2447,5,HOUSEHOLD_1,HOUSEHOLD_1_item_446
2448,5,HOUSEHOLD_1,HOUSEHOLD_1_item_447
2449,5,HOUSEHOLD_1,HOUSEHOLD_1_item_448
2450,5,HOUSEHOLD_1,HOUSEHOLD_1_item_449
2451,5,HOUSEHOLD_1,HOUSEHOLD_1_item_450
2452,5,HOUSEHOLD_1,HOUSEHOLD_1_item_451
2453,5,HOUSEHOLD_1,HOUSEHOLD_1_item_452
2454,5,HOUSEHOLD_1,HOUSEHOLD_1_item_453
2455,5,HOUSEHOLD_1,HOUSEHOLD_1_item_454
2456,5,HOUSEHOLD_1,HOUSEHOLD_1_item_455
2457,5,HOUSEHOLD_1,HOUSEHOLD_1_item_456
2458,5,HOUSEHOLD_1,HOUSEHOLD_1_item_457
2459,5,HOUSEHOLD_1,HOUSEHOLD_1_item_458
2460,5,HOUSEHOLD_1,HOUSEHOLD_1_item_459
2461,5,HOUSEHOLD_1,HOUSEHOLD_1_item_460
2462,5,HOUSEHOLD_1,HOUSEHOLD_1_item_461
2463,5,HOUSEHOLD_1,HOUSEHOLD_1_item_462
2464,5,HOUSEHOLD_1,HOUSEHOLD_1_item_463
2465,5,HOUSEHOLD_1,HOUSEHOLD_1_item_464
2466,5,HOUSEHOLD_1,HOUSEHOLD_1_item_465
2467,5,HOUSEHOLD_1,HOUSEHOLD_1_item_466
2468,5,HOUSEHOLD_1,HOUSEHOLD_1_item_467
2469,5,HOUSEHOLD_1,HOUSEHOLD_1_item_468
2470,5,HOUSEHOLD_1,HOUSEHOLD_1_item_469
2471,5,HOUSEHOLD_1,HOUSEHOLD_1_item_470
2472,5,HOUSEHOLD_1,HOUSEHOLD_1_item_471
2473,5,HOUSEHOLD_1,HOUSEHOLD_1_item_472
2474,5,HOUSEHOLD_1,HOUSEHOLD_1_item_473
2475,5,HOUSEHOLD_1,HOUSEHOLD_1_item_474
2476,5,HOUSEHOLD_1,HOUSEHOLD_1_item_475
2477,5,HOUSEHOLD_1,HOUSEHOLD_1_item_476
2478,5,HOUSEHOLD_1,HOUSEHOLD_1_item_477
2479,5,HOUSEHOLD_1,HOUSEHOLD_1_item_478
2480,5,HOUSEHOLD_1,HOUSEHOLD_1_item_479
2481,5,HOUSEHOLD_1,HOUSEHOLD_1_item_480
2482,5,HOUSEHOLD_1,HOUSEHOLD_1_item_481
2483,5,HOUSEHOLD_1,HOUSEHOLD_1_item_482
2484,5,HOUSEHOLD_1,HOUSEHOLD_1_item_483
2485,5,HOUSEHOLD_1,HOUSEHOLD_1_item_484
2486,5,HOUSEHOLD_1,HOUSEHOLD_1_item_485
2487,5,HOUSEHOLD_1,HOUSEHOLD_1_item_486
2488,5,HOUSEHOLD_1,HOUSEHOLD_1_item_487
2489,5,HOUSEHOLD_1,HOUSEHOLD_1_item_488
2490,5,HOUSEHOLD_1,HOUSEHOLD_1_item_489
2491,5,HOUSEHOLD_1,HOUSEHOLD_1_item_490
2492,5,HOUSEHOLD_1,HOUSEHOLD_1_item_491
2493,5,HOUSEHOLD_1,HOUSEHOLD_1_item_492
2494,5,HOUSEHOLD_1,HOUSEHOLD_1_item_493
2495,5,HOUSEHOLD_1,HOUSEHOLD_1_item_494
2496,5,HOUSEHOLD_1,HOUSEHOLD_1_item_495
2497,5,HOUSEHOLD_1,HOUSEHOLD_1_item_496
2498,5,HOUSEHOLD_1,HOUSEHOLD_1_item_497
2499,5,HOUSEHOLD_1,HOUSEHOLD_1_item_498
2500,5,HOUSEHOLD_1,HOUSEHOLD_1_item_499
2501,5,HOUSEHOLD_1,HOUSEHOLD_1_item_500
2502,5,HOUSEHOLD_1,HOUSEHOLD_1_item_501
2503,5,HOUSEHOLD_1,HOUSEHOLD_1_item_502
2504,5,HOUSEHOLD_1,HOUSEHOLD_1_item_503
2505,5,HOUSEHOLD_1,HOUSEHOLD_1_item_504
2506,5,HOUSEHOLD_1,HOUSEHOLD_1_item_505
2507,5,HOUSEHOLD_1,HOUSEHOLD_1_item_506
2508,5,HOUSEHOLD_1,HOUSEHOLD_1_item_507
2509,5,HOUSEHOLD_1,HOUSEHOLD_1_item_508
2510,5,HOUSEHOLD_1,HOUSEHOLD_1_item_509
2511,5,HOUSEHOLD_1,HOUSEHOLD_1_item_510
2512,5,HOUSEHOLD_1,HOUSEHOLD_1_item_511
2513,5,HOUSEHOLD_1,HOUSEHOLD_1_item_512
2514,5,HOUSEHOLD_1,HOUSEHOLD_1_item_513
2515,5,HOUSEHOLD_1,HOUSEHOLD_1_item_514
2516,5,HOUSEHOLD_1,HOUSEHOLD_1_item_515
2517,5,HOUSEHOLD_1,HOUSEHOLD_1_item_516
2518,5,HOUSEHOLD_1,HOUSEHOLD_1_item_517
2519,5,HOUSEHOLD_1,HOUSEHOLD_1_item_518
2520,5,HOUSEHOLD_1,HOUSEHOLD_1_item_519
2521,5,HOUSEHOLD_1,HOUSEHOLD_1_item_520
2522,5,HOUSEHOLD_1,HOUSEHOLD_1_item_521
2523,5,HOUSEHOLD_1,HOUSEHOLD_1_item_522
2524,5,HOUSEHOLD_1,HOUSEHOLD_1_item_523
2525,5,HOUSEHOLD_1,HOUSEHOLD_1_item_524
2526,5,HOUSEHOLD_1,HOUSEHOLD_1_item_525
2527,5,HOUSEHOLD_1,HOUSEHOLD_1_item_526
2528,5,HOUSEHOLD_1,HOUSEHOLD_1_item_527
2529,5,HOUSEHOLD_1,HOUSEHOLD_1_item_528
2530,5,HOUSEHOLD_1,HOUSEHOLD_1_item_529
2531,5,HOUSEHOLD_1,HOUSEHOLD_1_item_530
2532,5,HOUSEHOLD_1,HOUSEHOLD_1_item_531
2533,5,HOUSEHOLD_1,HOUSEHOLD_1_item_532
2534,6,HOUSEHOLD_2,HOUSEHOLD_2_item_1
2535,6,HOUSEHOLD_2,HOUSEHOLD_2_item_2
2536,6,HOUSEHOLD_2,HOUSEHOLD_2_item_3
2537,6,HOUSEHOLD_2,HOUSEHOLD_2_item_4
2538,6,HOUSEHOLD_2,HOUSEHOLD_2_item_5
2539,6,HOUSEHOLD_2,HOUSEHOLD_2_item_6
2540,6,HOUSEHOLD_2,HOUSEHOLD_2_item_7
2541,6,HOUSEHOLD_2,HOUSEHOLD_2_item_8
2542,6,HOUSEHOLD_2,HOUSEHOLD_2_item_9
2543,6,HOUSEHOLD_2,HOUSEHOLD_2_item_10
2544,6,HOUSEHOLD_2,HOUSEHOLD_2_item_11
2545,6,HOUSEHOLD_2,HOUSEHOLD_2_item_12
2546,6,HOUSEHOLD_2,HOUSEHOLD_2_item_13
2547,6,HOUSEHOLD_2,HOUSEHOLD_2_item_14
2548,6,HOUSEHOLD_2,HOUSEHOLD_2_item_15
2549,6,HOUSEHOLD_2,HOUSEHOLD_2_item_16
2550,6,HOUSEHOLD_2,HOUSEHOLD_2_item_17
2551,6,HOUSEHOLD_2,HOUSEHOLD_2_item_18
2552,6,HOUSEHOLD_2,HOUSEHOLD_2_item_19
2553,6,HOUSEHOLD_2,HOUSEHOLD_2_item_20
2554,6,HOUSEHOLD_2,HOUSEHOLD_2_item_21
2555,6,HOUSEHOLD_2,HOUSEHOLD_2_item_22
2556,6,HOUSEHOLD_2,HOUSEHOLD_2_item_23
2557,6,HOUSEHOLD_2,HOUSEHOLD_2_item_24
2558,6,HOUSEHOLD_2,HOUSEHOLD_2_item_25
2559,6,HOUSEHOLD_2,HOUSEHOLD_2_item_26
2560,6,HOUSEHOLD_2,HOUSEHOLD_2_item_27
2561,6,HOUSEHOLD_2,HOUSEHOLD_2_item_28
2562,6,HOUSEHOLD_2,HOUSEHOLD_2_item_29
2563,6,HOUSEHOLD_2,HOUSEHOLD_2_item_30
2564,6,HOUSEHOLD_2,HOUSEHOLD_2_item_31
2565,6,HOUSEHOLD_2,HOUSEHOLD_2_item_32
2566,6,HOUSEHOLD_2,HOUSEHOLD_2_item_33
2567,6,HOUSEHOLD_2,HOUSEHOLD_2_item_34
2568,6,HOUSEHOLD_2,HOUSEHOLD_2_item_35
2569,6,HOUSEHOLD_2,HOUSEHOLD_2_item_36
2570,6,HOUSEHOLD_2,HOUSEHOLD_2_item_37
2571,6,HOUSEHOLD_2,HOUSEHOLD_2_item_38
2572,6,HOUSEHOLD_2,HOUSEHOLD_2_item_39
2573,6,HOUSEHOLD_2,HOUSEHOLD_2_item_40
2574,6,HOUSEHOLD_2,HOUSEHOLD_2_item_41
2575,6,HOUSEHOLD_2,HOUSEHOLD_2_item_42
2576,6,HOUSEHOLD_2,HOUSEHOLD_2_item_43
2577,6,HOUSEHOLD_2,HOUSEHOLD_2_item_44
2578,6,HOUSEHOLD_2,HOUSEHOLD_2_item_45
2579,6,HOUSEHOLD_2,HOUSEHOLD_2_item_46
2580,6,HOUSEHOLD_2,HOUSEHOLD_2_item_47
2581,6,HOUSEHOLD_2,HOUSEHOLD_2_item_48
2582,6,HOUSEHOLD_2,HOUSEHOLD_2_item_49
2583,6,HOUSEHOLD_2,HOUSEHOLD_2_item_50
2584,6,HOUSEHOLD_2,HOUSEHOLD_2_item_51
2585,6,HOUSEHOLD_2,HOUSEHOLD_2_item_52
2586,6,HOUSEHOLD_2,HOUSEHOLD_2_item_53
2587,6,HOUSEHOLD_2,HOUSEHOLD_2_item_54
2588,6,HOUSEHOLD_2,HOUSEHOLD_2_item_55
2589,6,HOUSEHOLD_2,HOUSEHOLD_2_item_56
2590,6,HOUSEHOLD_2,HOUSEHOLD_2_item_57
2591,6,HOUSEHOLD_2,HOUSEHOLD_2_item_58
2592,6,HOUSEHOLD_2,HOUSEHOLD_2_item_59
2593,6,HOUSEHOLD_2,HOUSEHOLD_2_item_60
2594,6,HOUSEHOLD_2,HOUSEHOLD_2_item_61
2595,6,HOUSEHOLD_2,HOUSEHOLD_2_item_62
2596,6,HOUSEHOLD_2,HOUSEHOLD_2_item_63
2597,6,HOUSEHOLD_2,HOUSEHOLD_2_item_64
2598,6,HOUSEHOLD_2,HOUSEHOLD_2_item_65
2599,6,HOUSEHOLD_2,HOUSEHOLD_2_item_66
2600,6,HOUSEHOLD_2,HOUSEHOLD_2_item_67
2601,6,HOUSEHOLD_2,HOUSEHOLD_2_item_68
2602,6,HOUSEHOLD_2,HOUSEHOLD_2_item_69
2603,6,HOUSEHOLD_2,HOUSEHOLD_2_item_70
2604,6,HOUSEHOLD_2,HOUSEHOLD_2_item_71
2605,6,HOUSEHOLD_2,HOUSEHOLD_2_item_72
2606,6,HOUSEHOLD_2,HOUSEHOLD_2_item_73
2607,6,HOUSEHOLD_2,HOUSEHOLD_2_item_74
2608,6,HOUSEHOLD_2,HOUSEHOLD_2_item_75
2609,6,HOUSEHOLD_2,HOUSEHOLD_2_item_76
2610,6,HOUSEHOLD_2,HOUSEHOLD_2_item_77
2611,6,HOUSEHOLD_2,HOUSEHOLD_2_item_78
2612,6,HOUSEHOLD_2,HOUSEHOLD_2_item_79
2613,6,HOUSEHOLD_2,HOUSEHOLD_2_item_80
2614,6,HOUSEHOLD_2,HOUSEHOLD_2_item_81
2615,6,HOUSEHOLD_2,HOUSEHOLD_2_item_82
2616,6,HOUSEHOLD_2,HOUSEHOLD_2_item_83
2617,6,HOUSEHOLD_2,HOUSEHOLD_2_item_84
2618,6,HOUSEHOLD_2,HOUSEHOLD_2_item_85
2619,6,HOUSEHOLD_2,HOUSEHOLD_2_item_86
2620,6,HOUSEHOLD_2,HOUSEHOLD_2_item_87
2621,6,HOUSEHOLD_2,HOUSEHOLD_2_item_88
2622,6,HOUSEHOLD_2,HOUSEHOLD_2_item_89
2623,6,HOUSEHOLD_2,HOUSEHOLD_2_item_90
2624,6,HOUSEHOLD_2,HOUSEHOLD_2_item_91
2625,6,HOUSEHOLD_2,HOUSEHOLD_2_item_92
2626,6,HOUSEHOLD_2,HOUSEHOLD_2_item_93
2627,6,HOUSEHOLD_2,HOUSEHOLD_2_item_94
2628,6,HOUSEHOLD_2,HOUSEHOLD_2_item_95
2629,6,HOUSEHOLD_2,HOUSEHOLD_2_item_96
2630,6,HOUSEHOLD_2,HOUSEHOLD_2_item_97
2631,6,HOUSEHOLD_2,HOUSEHOLD_2_item_98
2632,6,HOUSEHOLD_2,HOUSEHOLD_2_item_99
2633,6,HOUSEHOLD_2,HOUSEHOLD_2_item_100
2634,6,HOUSEHOLD_2,HOUSEHOLD_2_item_101
2635,6,HOUSEHOLD_2,HOUSEHOLD_2_item_102
2636,6,HOUSEHOLD_2,HOUSEHOLD_2_item_103
2637,6,HOUSEHOLD_2,HOUSEHOLD_2_item_104
2638,6,HOUSEHOLD_2,HOUSEHOLD_2_item_105
2639,6,HOUSEHOLD_2,HOUSEHOLD_2_item_106
2640,6,HOUSEHOLD_2,HOUSEHOLD_2_item_107
2641,6,HOUSEHOLD_2,HOUSEHOLD_2_item_108
2642,6,HOUSEHOLD_2,HOUSEHOLD_2_item_109
2643,6,HOUSEHOLD_2,HOUSEHOLD_2_item_110
2644,6,HOUSEHOLD_2,HOUSEHOLD_2_item_111
2645,6,HOUSEHOLD_2,HOUSEHOLD_2_item_112
2646,6,HOUSEHOLD_2,HOUSEHOLD_2_item_113
2647,6,HOUSEHOLD_2,HOUSEHOLD_2_item_114
2648,6,HOUSEHOLD_2,HOUSEHOLD_2_item_115
2649,6,HOUSEHOLD_2,HOUSEHOLD_2_item_116
2650,6,HOUSEHOLD_2,HOUSEHOLD_2_item_117
2651,6,HOUSEHOLD_2,HOUSEHOLD_2_item_118
2652,6,HOUSEHOLD_2,HOUSEHOLD_2_item_119
2653,6,HOUSEHOLD_2,HOUSEHOLD_2_item_120
2654,6,HOUSEHOLD_2,HOUSEHOLD_2_item_121
2655,6,HOUSEHOLD_2,HOUSEHOLD_2_item_122
2656,6,HOUSEHOLD_2,HOUSEHOLD_2_item_123
2657,6,HOUSEHOLD_2,HOUSEHOLD_2_item_124
2658,6,HOUSEHOLD_2,HOUSEHOLD_2_item_125
2659,6,HOUSEHOLD_2,HOUSEHOLD_2_item_126
2660,6,HOUSEHOLD_2,HOUSEHOLD_2_item_127
2661,6,HOUSEHOLD_2,HOUSEHOLD_2_item_128
2662,6,HOUSEHOLD_2,HOUSEHOLD_2_item_129
2663,6,HOUSEHOLD_2,HOUSEHOLD_2_item_130
2664,6,HOUSEHOLD_2,HOUSEHOLD_2_item_131
2665,6,HOUSEHOLD_2,HOUSEHOLD_2_item_132
2666,6,HOUSEHOLD_2,HOUSEHOLD_2_item_133
2667,6,HOUSEHOLD_2,HOUSEHOLD_2_item_134
2668,6,HOUSEHOLD_2,HOUSEHOLD_2_item_135
2669,6,HOUSEHOLD_2,HOUSEHOLD_2_item_136
2670,6,HOUSEHOLD_2,HOUSEHOLD_2_item_137
2671,6,HOUSEHOLD_2,HOUSEHOLD_2_item_138
2672,6,HOUSEHOLD_2,HOUSEHOLD_2_item_139
2673,6,HOUSEHOLD_2,HOUSEHOLD_2_item_140
2674,6,HOUSEHOLD_2,HOUSEHOLD_2_item_141
2675,6,HOUSEHOLD_2,HOUSEHOLD_2_item_142
2676,6,HOUSEHOLD_2,HOUSEHOLD_2_item_143
2677,6,HOUSEHOLD_2,HOUSEHOLD_2_item_144
2678,6,HOUSEHOLD_2,HOUSEHOLD_2_item_145
2679,6,HOUSEHOLD_2,HOUSEHOLD_2_item_146
2680,6,HOUSEHOLD_2,HOUSEHOLD_2_item_147
2681,6,HOUSEHOLD_2,HOUSEHOLD_2_item_148
2682,6,HOUSEHOLD_2,HOUSEHOLD_2_item_149
2683,6,HOUSEHOLD_2,HOUSEHOLD_2_item_150
2684,6,HOUSEHOLD_2,HOUSEHOLD_2_item_151
2685,6,HOUSEHOLD_2,HOUSEHOLD_2_item_152
2686,6,HOUSEHOLD_2,HOUSEHOLD_2_item_153
2687,6,HOUSEHOLD_2,HOUSEHOLD_2_item_154
2688,6,HOUSEHOLD_2,HOUSEHOLD_2_item_155
2689,6,HOUSEHOLD_2,HOUSEHOLD_2_item_156
2690,6,HOUSEHOLD_2,HOUSEHOLD_2_item_157
2691,6,HOUSEHOLD_2,HOUSEHOLD_2_item_158
2692,6,HOUSEHOLD_2,HOUSEHOLD_2_item_159
2693,6,HOUSEHOLD_2,HOUSEHOLD_2_item_160
2694,6,HOUSEHOLD_2,HOUSEHOLD_2_item_161
2695,6,HOUSEHOLD_2,HOUSEHOLD_2_item_162
2696,6,HOUSEHOLD_2,HOUSEHOLD_2_item_163
2697,6,HOUSEHOLD_2,HOUSEHOLD_2_item_164
2698,6,HOUSEHOLD_2,HOUSEHOLD_2_item_165
2699,6,HOUSEHOLD_2,HOUSEHOLD_2_item_166
2700,6,HOUSEHOLD_2,HOUSEHOLD_2_item_167
2701,6,HOUSEHOLD_2,HOUSEHOLD_2_item_168
2702,6,HOUSEHOLD_2,HOUSEHOLD_2_item_169
2703,6,HOUSEHOLD_2,HOUSEHOLD_2_item_170
2704,6,HOUSEHOLD_2,HOUSEHOLD_2_item_171
2705,6,HOUSEHOLD_2,HOUSEHOLD_2_item_172
2706,6,HOUSEHOLD_2,HOUSEHOLD_2_item_173
2707,6,HOUSEHOLD_2,HOUSEHOLD_2_item_174
2708,6,HOUSEHOLD_2,HOUSEHOLD_2_item_175
2709,6,HOUSEHOLD_2,HOUSEHOLD_2_item_176
2710,6,HOUSEHOLD_2,HOUSEHOLD_2_item_177
2711,6,HOUSEHOLD_2,HOUSEHOLD_2_item_178
2712,6,HOUSEHOLD_2,HOUSEHOLD_2_item_179
2713,6,HOUSEHOLD_2,HOUSEHOLD_2_item_180
2714,6,HOUSEHOLD_2,HOUSEHOLD_2_item_181
2715,6,HOUSEHOLD_2,HOUSEHOLD_2_item_182
2716,6,HOUSEHOLD_2,HOUSEHOLD_2_item_183
2717,6,HOUSEHOLD_2,HOUSEHOLD_2_item_184
2718,6,HOUSEHOLD_2,HOUSEHOLD_2_item_185
2719,6,HOUSEHOLD_2,HOUSEHOLD_2_item_186
2720,6,HOUSEHOLD_2,HOUSEHOLD_2_item_187
2721,6,HOUSEHOLD_2,HOUSEHOLD_2_item_188
2722,6,HOUSEHOLD_2,HOUSEHOLD_2_item_189
2723,6,HOUSEHOLD_2,HOUSEHOLD_2_item_190
2724,6,HOUSEHOLD_2,HOUSEHOLD_2_item_191
2725,6,HOUSEHOLD_2,HOUSEHOLD_2_item_192
2726,6,HOUSEHOLD_2,HOUSEHOLD_2_item_193
2727,6,HOUSEHOLD_2,HOUSEHOLD_2_item_194
2728,6,HOUSEHOLD_2,HOUSEHOLD_2_item_195
2729,6,HOUSEHOLD_2,HOUSEHOLD_2_item_196
2730,6,HOUSEHOLD_2,HOUSEHOLD_2_item_197
2731,6,HOUSEHOLD_2,HOUSEHOLD_2_item_198
2732,6,HOUSEHOLD_2,HOUSEHOLD_2_item_199
2733,6,HOUSEHOLD_2,HOUSEHOLD_2_item_200
2734,6,HOUSEHOLD_2,HOUSEHOLD_2_item_201
2735,6,HOUSEHOLD_2,HOUSEHOLD_2_item_202
2736,6,HOUSEHOLD_2,HOUSEHOLD_2_item_203
2737,6,HOUSEHOLD_2,HOUSEHOLD_2_item_204
2738,6,HOUSEHOLD_2,HOUSEHOLD_2_item_205
2739,6,HOUSEHOLD_2,HOUSEHOLD_2_item_206
2740,6,HOUSEHOLD_2,HOUSEHOLD_2_item_207
2741,6,HOUSEHOLD_2,HOUSEHOLD_2_item_208
2742,6,HOUSEHOLD_2,HOUSEHOLD_2_item_209
2743,6,HOUSEHOLD_2,HOUSEHOLD_2_item_210
2744,6,HOUSEHOLD_2,HOUSEHOLD_2_item_211
2745,6,HOUSEHOLD_2,HOUSEHOLD_2_item_212
2746,6,HOUSEHOLD_2,HOUSEHOLD_2_item_213
2747,6,HOUSEHOLD_2,HOUSEHOLD_2_item_214
2748,6,HOUSEHOLD_2,HOUSEHOLD_2_item_215
2749,6,HOUSEHOLD_2,HOUSEHOLD_2_item_216
2750,6,HOUSEHOLD_2,HOUSEHOLD_2_item_217
2751,6,HOUSEHOLD_2,HOUSEHOLD_2_item_218
2752,6,HOUSEHOLD_2,HOUSEHOLD_2_item_219
2753,6,HOUSEHOLD_2,HOUSEHOLD_2_item_220
2754,6,HOUSEHOLD_2,HOUSEHOLD_2_item_221
2755,6,HOUSEHOLD_2,HOUSEHOLD_2_item_222
2756,6,HOUSEHOLD_2,HOUSEHOLD_2_item_223
2757,6,HOUSEHOLD_2,HOUSEHOLD_2_item_224
2758,6,HOUSEHOLD_2,HOUSEHOLD_2_item_225
2759,6,HOUSEHOLD_2,HOUSEHOLD_2_item_226
2760,6,HOUSEHOLD_2,HOUSEHOLD_2_item_227
2761,6,HOUSEHOLD_2,HOUSEHOLD_2_item_228
2762,6,HOUSEHOLD_2,HOUSEHOLD_2_item_229
2763,6,HOUSEHOLD_2,HOUSEHOLD_2_item_230
2764,6,HOUSEHOLD_2,HOUSEHOLD_2_item_231
2765,6,HOUSEHOLD_2,HOUSEHOLD_2_item_232
2766,6,HOUSEHOLD_2,HOUSEHOLD_2_item_233
2767,6,HOUSEHOLD_2,HOUSEHOLD_2_item_234
2768,6,HOUSEHOLD_2,HOUSEHOLD_2_item_235
2769,6,HOUSEHOLD_2,HOUSEHOLD_2_item_236
2770,6,HOUSEHOLD_2,HOUSEHOLD_2_item_237
2771,6,HOUSEHOLD_2,HOUSEHOLD_2_item_238
2772,6,HOUSEHOLD_2,HOUSEHOLD_2_item_239
2773,6,HOUSEHOLD_2,HOUSEHOLD_2_item_240
2774,6,HOUSEHOLD_2,HOUSEHOLD_2_item_241
2775,6,HOUSEHOLD_2,HOUSEHOLD_2_item_242
2776,6,HOUSEHOLD_2,HOUSEHOLD_2_item_243
2777,6,HOUSEHOLD_2,HOUSEHOLD_2_item_244
2778,6,HOUSEHOLD_2,HOUSEHOLD_2_item_245
2779,6,HOUSEHOLD_2,HOUSEHOLD_2_item_246
2780,6,HOUSEHOLD_2,HOUSEHOLD_2_item_247
2781,6,HOUSEHOLD_2,HOUSEHOLD_2_item_248
2782,6,HOUSEHOLD_2,HOUSEHOLD_2_item_249
2783,6,HOUSEHOLD_2,HOUSEHOLD_2_item_250
2784,6,HOUSEHOLD_2,HOUSEHOLD_2_item_251
2785,6,HOUSEHOLD_2,HOUSEHOLD_2_item_252
2786,6,HOUSEHOLD_2,HOUSEHOLD_2_item_253
2787,6,HOUSEHOLD_2,HOUSEHOLD_2_item_254
2788,6,HOUSEHOLD_2,HOUSEHOLD_2_item_255
2789,6,HOUSEHOLD_2,HOUSEHOLD_2_item_256
2790,6,HOUSEHOLD_2,HOUSEHOLD_2_item_257
2791,6,HOUSEHOLD_2,HOUSEHOLD_2_item_258
2792,6,HOUSEHOLD_2,HOUSEHOLD_2_item_259
2793,6,HOUSEHOLD_2,HOUSEHOLD_2_item_260
2794,6,HOUSEHOLD_2,HOUSEHOLD_2_item_261
2795,6,HOUSEHOLD_2,HOUSEHOLD_2_item_262
2796,6,HOUSEHOLD_2,HOUSEHOLD_2_item_263
2797,6,HOUSEHOLD_2,HOUSEHOLD_2_item_264
2798,6,HOUSEHOLD_2,HOUSEHOLD_2_item_265
2799,6,HOUSEHOLD_2,HOUSEHOLD_2_item_266
2800,6,HOUSEHOLD_2,HOUSEHOLD_2_item_267
2801,6,HOUSEHOLD_2,HOUSEHOLD_2_item_268
2802,6,HOUSEHOLD_2,HOUSEHOLD_2_item_269
2803,6,HOUSEHOLD_2,HOUSEHOLD_2_item_270
2804,6,HOUSEHOLD_2,HOUSEHOLD_2_item_271
2805,6,HOUSEHOLD_2,HOUSEHOLD_2_item_272
2806,6,HOUSEHOLD_2,HOUSEHOLD_2_item_273
2807,6,HOUSEHOLD_2,HOUSEHOLD_2_item_274
2808,6,HOUSEHOLD_2,HOUSEHOLD_2_item_275
2809,6,HOUSEHOLD_2,HOUSEHOLD_2_item_276
2810,6,HOUSEHOLD_2,HOUSEHOLD_2_item_277
2811,6,HOUSEHOLD_2,HOUSEHOLD_2_item_278
2812,6,HOUSEHOLD_2,HOUSEHOLD_2_item_279
2813,6,HOUSEHOLD_2,HOUSEHOLD_2_item_280
2814,6,HOUSEHOLD_2,HOUSEHOLD_2_item_281
2815,6,HOUSEHOLD_2,HOUSEHOLD_2_item_282
2816,6,HOUSEHOLD_2,HOUSEHOLD_2_item_283
2817,6,HOUSEHOLD_2,HOUSEHOLD_2_item_284
2818,6,HOUSEHOLD_2,HOUSEHOLD_2_item_285
2819,6,HOUSEHOLD_2,HOUSEHOLD_2_item_286
2820,6,HOUSEHOLD_2,HOUSEHOLD_2_item_287
2821,6,HOUSEHOLD_2,HOUSEHOLD_2_item_288
2822,6,HOUSEHOLD_2,HOUSEHOLD_2_item_289
2823,6,HOUSEHOLD_2,HOUSEHOLD_2_item_290
2824,6,HOUSEHOLD_2,HOUSEHOLD_2_item_291
2825,6,HOUSEHOLD_2,HOUSEHOLD_2_item_292
2826,6,HOUSEHOLD_2,HOUSEHOLD_2_item_293
2827,6,HOUSEHOLD_2,HOUSEHOLD_2_item_294
2828,6,HOUSEHOLD_2,HOUSEHOLD_2_item_295
2829,6,HOUSEHOLD_2,HOUSEHOLD_2_item_296
2830,6,HOUSEHOLD_2,HOUSEHOLD_2_item_297
2831,6,HOUSEHOLD_2,HOUSEHOLD_2_item_298
2832,6,HOUSEHOLD_2,HOUSEHOLD_2_item_299
2833,6,HOUSEHOLD_2,HOUSEHOLD_2_item_300
2834,6,HOUSEHOLD_2,HOUSEHOLD_2_item_301
2835,6,HOUSEHOLD_2,HOUSEHOLD_2_item_302
2836,6,HOUSEHOLD_2,HOUSEHOLD_2_item_303
2837,6,HOUSEHOLD_2,HOUSEHOLD_2_item_304
2838,6,HOUSEHOLD_2,HOUSEHOLD_2_item_305
2839,6,HOUSEHOLD_2,HOUSEHOLD_2_item_306
2840,6,HOUSEHOLD_2,HOUSEHOLD_2_item_307
2841,6,HOUSEHOLD_2,HOUSEHOLD_2_item_308
2842,6,HOUSEHOLD_2,HOUSEHOLD_2_item_309
2843,6,HOUSEHOLD_2,HOUSEHOLD_2_item_310
2844,6,HOUSEHOLD_2,HOUSEHOLD_2_item_311
2845,6,HOUSEHOLD_2,HOUSEHOLD_2_item_312
2846,6,HOUSEHOLD_2,HOUSEHOLD_2_item_313
2847,6,HOUSEHOLD_2,HOUSEHOLD_2_item_314
2848,6,HOUSEHOLD_2,HOUSEHOLD_2_item_315
2849,6,HOUSEHOLD_2,HOUSEHOLD_2_item_316
2850,6,HOUSEHOLD_2,HOUSEHOLD_2_item_317
2851,6,HOUSEHOLD_2,HOUSEHOLD_2_item_318
2852,6,HOUSEHOLD_2,HOUSEHOLD_2_item_319
2853,6,HOUSEHOLD_2,HOUSEHOLD_2_item_320
2854,6,HOUSEHOLD_2,HOUSEHOLD_2_item_321
2855,6,HOUSEHOLD_2,HOUSEHOLD_2_item_322
2856,6,HOUSEHOLD_2,HOUSEHOLD_2_item_323
2857,6,HOUSEHOLD_2,HOUSEHOLD_2_item_324
2858,6,HOUSEHOLD_2,HOUSEHOLD_2_item_325
2859,6,HOUSEHOLD_2,HOUSEHOLD_2_item_326
2860,6,HOUSEHOLD_2,HOUSEHOLD_2_item_327
2861,6,HOUSEHOLD_2,HOUSEHOLD_2_item_328
2862,6,HOUSEHOLD_2,HOUSEHOLD_2_item_329
2863,6,HOUSEHOLD_2,HOUSEHOLD_2_item_330
2864,6,HOUSEHOLD_2,HOUSEHOLD_2_item_331
2865,6,HOUSEHOLD_2,HOUSEHOLD_2_item_332
2866,6,HOUSEHOLD_2,HOUSEHOLD_2_item_333
2867,6,HOUSEHOLD_2,HOUSEHOLD_2_item_334
2868,6,HOUSEHOLD_2,HOUSEHOLD_2_item_335
2869,6,HOUSEHOLD_2,HOUSEHOLD_2_item_336
2870,6,HOUSEHOLD_2,HOUSEHOLD_2_item_337
2871,6,HOUSEHOLD_2,HOUSEHOLD_2_item_338
2872,6,HOUSEHOLD_2,HOUSEHOLD_2_item_339
2873,6,HOUSEHOLD_2,HOUSEHOLD_2_item_340
2874,6,HOUSEHOLD_2,HOUSEHOLD_2_item_341
2875,6,HOUSEHOLD_2,HOUSEHOLD_2_item_342
2876,6,HOUSEHOLD_2,HOUSEHOLD_2_item_343
2877,6,HOUSEHOLD_2,HOUSEHOLD_2_item_344
2878,6,HOUSEHOLD_2,HOUSEHOLD_2_item_345
2879,6,HOUSEHOLD_2,HOUSEHOLD_2_item_346
2880,6,HOUSEHOLD_2,HOUSEHOLD_2_item_347
2881,6,HOUSEHOLD_2,HOUSEHOLD_2_item_348
2882,6,HOUSEHOLD_2,HOUSEHOLD_2_item_349
2883,6,HOUSEHOLD_2,HOUSEHOLD_2_item_350
2884,6,HOUSEHOLD_2,HOUSEHOLD_2_item_351
2885,6,HOUSEHOLD_2,HOUSEHOLD_2_item_352
2886,6,HOUSEHOLD_2,HOUSEHOLD_2_item_353
2887,6,HOUSEHOLD_2,HOUSEHOLD_2_item_354
2888,6,HOUSEHOLD_2,HOUSEHOLD_2_item_355
2889,6,HOUSEHOLD_2,HOUSEHOLD_2_item_356
2890,6,HOUSEHOLD_2,HOUSEHOLD_2_item_357
2891,6,HOUSEHOLD_2,HOUSEHOLD_2_item_358
2892,6,HOUSEHOLD_2,HOUSEHOLD_2_item_359
2893,6,HOUSEHOLD_2,HOUSEHOLD_2_item_360
2894,6,HOUSEHOLD_2,HOUSEHOLD_2_item_361
2895,6,HOUSEHOLD_2,HOUSEHOLD_2_item_362
2896,6,HOUSEHOLD_2,HOUSEHOLD_2_item_363
2897,6,HOUSEHOLD_2,HOUSEHOLD_2_item_364
2898,6,HOUSEHOLD_2,HOUSEHOLD_2_item_365
2899,6,HOUSEHOLD_2,HOUSEHOLD_2_item_366
2900,6,HOUSEHOLD_2,HOUSEHOLD_2_item_367
2901,6,HOUSEHOLD_2,HOUSEHOLD_2_item_368
2902,6,HOUSEHOLD_2,HOUSEHOLD_2_item_369
2903,6,HOUSEHOLD_2,HOUSEHOLD_2_item_370
2904,6,HOUSEHOLD_2,HOUSEHOLD_2_item_371
2905,6,HOUSEHOLD_2,HOUSEHOLD_2_item_372
2906,6,HOUSEHOLD_2,HOUSEHOLD_2_item_373
2907,6,HOUSEHOLD_2,HOUSEHOLD_2_item_374
2908,6,HOUSEHOLD_2,HOUSEHOLD_2_item_375
2909,6,HOUSEHOLD_2,HOUSEHOLD_2_item_376
2910,6,HOUSEHOLD_2,HOUSEHOLD_2_item_377
2911,6,HOUSEHOLD_2,HOUSEHOLD_2_item_378
2912,6,HOUSEHOLD_2,HOUSEHOLD_2_item_379
2913,6,HOUSEHOLD_2,HOUSEHOLD_2_item_380
2914,6,HOUSEHOLD_2,HOUSEHOLD_2_item_381
2915,6,HOUSEHOLD_2,HOUSEHOLD_2_item_382
2916,6,HOUSEHOLD_2,HOUSEHOLD_2_item_383
2917,6,HOUSEHOLD_2,HOUSEHOLD_2_item_384
2918,6,HOUSEHOLD_2,HOUSEHOLD_2_item_385
2919,6,HOUSEHOLD_2,HOUSEHOLD_2_item_386
2920,6,HOUSEHOLD_2,HOUSEHOLD_2_item_387
2921,6,HOUSEHOLD_2,HOUSEHOLD_2_item_388
2922,6,HOUSEHOLD_2,HOUSEHOLD_2_item_389
2923,6,HOUSEHOLD_2,HOUSEHOLD_2_item_390
2924,6,HOUSEHOLD_2,HOUSEHOLD_2_item_391
2925,6,HOUSEHOLD_2,HOUSEHOLD_2_item_392
2926,6,HOUSEHOLD_2,HOUSEHOLD_2_item_393
2927,6,HOUSEHOLD_2,HOUSEHOLD_2_item_394
2928,6,HOUSEHOLD_2,HOUSEHOLD_2_item_395
2929,6,HOUSEHOLD_2,HOUSEHOLD_2_item_396
2930,6,HOUSEHOLD_2,HOUSEHOLD_2_item_397
2931,6,HOUSEHOLD_2,HOUSEHOLD_2_item_398
2932,6,HOUSEHOLD_2,HOUSEHOLD_2_item_399
2933,6,HOUSEHOLD_2,HOUSEHOLD_2_item_400
2934,6,HOUSEHOLD_2,HOUSEHOLD_2_item_401
2935,6,HOUSEHOLD_2,HOUSEHOLD_2_item_402
2936,6,HOUSEHOLD_2,HOUSEHOLD_2_item_403
2937,6,HOUSEHOLD_2,HOUSEHOLD_2_item_404
2938,6,HOUSEHOLD_2,HOUSEHOLD_2_item_405
2939,6,HOUSEHOLD_2,HOUSEHOLD_2_item_406
2940,6,HOUSEHOLD_2,HOUSEHOLD_2_item_407
2941,6,HOUSEHOLD_2,HOUSEHOLD_2_item_408
2942,6,HOUSEHOLD_2,HOUSEHOLD_2_item_409
2943,6,HOUSEHOLD_2,HOUSEHOLD_2_item_410
2944,6,HOUSEHOLD_2,HOUSEHOLD_2_item_411
2945,6,HOUSEHOLD_2,HOUSEHOLD_2_item_412
2946,6,HOUSEHOLD_2,HOUSEHOLD_2_item_413
2947,6,HOUSEHOLD_2,HOUSEHOLD_2_item_414
2948,6,HOUSEHOLD_2,HOUSEHOLD_2_item_415
2949,6,HOUSEHOLD_2,HOUSEHOLD_2_item_416
2950,6,HOUSEHOLD_2,HOUSEHOLD_2_item_417
2951,6,HOUSEHOLD_2,HOUSEHOLD_2_item_418
2952,6,HOUSEHOLD_2,HOUSEHOLD_2_item_419
2953,6,HOUSEHOLD_2,HOUSEHOLD_2_item_420
2954,6,HOUSEHOLD_2,HOUSEHOLD_2_item_421
2955,6,HOUSEHOLD_2,HOUSEHOLD_2_item_422
2956,6,HOUSEHOLD_2,HOUSEHOLD_2_item_423
2957,6,HOUSEHOLD_2,HOUSEHOLD_2_item_424
2958,6,HOUSEHOLD_2,HOUSEHOLD_2_item_425
2959,6,HOUSEHOLD_2,HOUSEHOLD_2_item_426
2960,6,HOUSEHOLD_2,HOUSEHOLD_2_item_427
2961,6,HOUSEHOLD_2,HOUSEHOLD_2_item_428
2962,6,HOUSEHOLD_2,HOUSEHOLD_2_item_429
2963,6,HOUSEHOLD_2,HOUSEHOLD_2_item_430
2964,6,HOUSEHOLD_2,HOUSEHOLD_2_item_431
2965,6,HOUSEHOLD_2,HOUSEHOLD_2_item_432
2966,6,HOUSEHOLD_2,HOUSEHOLD_2_item_433
2967,6,HOUSEHOLD_2,HOUSEHOLD_2_item_434
2968,6,HOUSEHOLD_2,HOUSEHOLD_2_item_435
2969,6,HOUSEHOLD_2,HOUSEHOLD_2_item_436
2970,6,HOUSEHOLD_2,HOUSEHOLD_2_item_437
2971,6,HOUSEHOLD_2,HOUSEHOLD_2_item_438
2972,6,HOUSEHOLD_2,HOUSEHOLD_2_item_439
2973,6,HOUSEHOLD_2,HOUSEHOLD_2_item_440
2974,6,HOUSEHOLD_2,HOUSEHOLD_2_item_441
2975,6,HOUSEHOLD_2,HOUSEHOLD_2_item_442
2976,6,HOUSEHOLD_2,HOUSEHOLD_2_item_443
2977,6,HOUSEHOLD_2,HOUSEHOLD_2_item_444
2978,6,HOUSEHOLD_2,HOUSEHOLD_2_item_445
2979,6,HOUSEHOLD_2,HOUSEHOLD_2_item_446
2980,6,HOUSEHOLD_2,HOUSEHOLD_2_item_447
2981,6,HOUSEHOLD_2,HOUSEHOLD_2_item_448
2982,6,HOUSEHOLD_2,HOUSEHOLD_2_item_449
2983,6,HOUSEHOLD_2,HOUSEHOLD_2_item_450
2984,6,HOUSEHOLD_2,HOUSEHOLD_2_item_451
2985,6,HOUSEHOLD_2,HOUSEHOLD_2_item_452
2986,6,HOUSEHOLD_2,HOUSEHOLD_2_item_453
2987,6,HOUSEHOLD_2,HOUSEHOLD_2_item_454
2988,6,HOUSEHOLD_2,HOUSEHOLD_2_item_455
2989,6,HOUSEHOLD_2,HOUSEHOLD_2_item_456
2990,6,HOUSEHOLD_2,HOUSEHOLD_2_item_457
2991,6,HOUSEHOLD_2,HOUSEHOLD_2_item_458
2992,6,HOUSEHOLD_2,HOUSEHOLD_2_item_459
2993,6,HOUSEHOLD_2,HOUSEHOLD_2_item_460
2994,6,HOUSEHOLD_2,HOUSEHOLD_2_item_461
2995,6,HOUSEHOLD_2,HOUSEHOLD_2_item_462
2996,6,HOUSEHOLD_2,HOUSEHOLD_2_item_463
2997,6,HOUSEHOLD_2,HOUSEHOLD_2_item_464
2998,6,HOUSEHOLD_2,HOUSEHOLD_2_item_465
2999,6,HOUSEHOLD_2,HOUSEHOLD_2_item_466
3000,6,HOUSEHOLD_2,HOUSEHOLD_2_item_467
3001,6,HOUSEHOLD_2,HOUSEHOLD_2_item_468
3002,6,HOUSEHOLD_2,HOUSEHOLD_2_item_469
3003,6,HOUSEHOLD_2,HOUSEHOLD_2_item_470
3004,6,HOUSEHOLD_2,HOUSEHOLD_2_item_471
3005,6,HOUSEHOLD_2,HOUSEHOLD_2_item_472
3006,6,HOUSEHOLD_2,HOUSEHOLD_2_item_473
3007,6,HOUSEHOLD_2,HOUSEHOLD_2_item_474
3008,6,HOUSEHOLD_2,HOUSEHOLD_2_item_475
3009,6,HOUSEHOLD_2,HOUSEHOLD_2_item_476
3010,6,HOUSEHOLD_2,HOUSEHOLD_2_item_477
3011,6,HOUSEHOLD_2,HOUSEHOLD_2_item_478
3012,6,HOUSEHOLD_2,HOUSEHOLD_2_item_479
3013,6,HOUSEHOLD_2,HOUSEHOLD_2_item_480
3014,6,HOUSEHOLD_2,HOUSEHOLD_2_item_481
3015,6,HOUSEHOLD_2,HOUSEHOLD_2_item_482
3016,6,HOUSEHOLD_2,HOUSEHOLD_2_item_483
3017,6,HOUSEHOLD_2,HOUSEHOLD_2_item_484
3018,6,HOUSEHOLD_2,HOUSEHOLD_2_item_485
3019,6,HOUSEHOLD_2,HOUSEHOLD_2_item_486
3020,6,HOUSEHOLD_2,HOUSEHOLD_2_item_487
3021,6,HOUSEHOLD_2,HOUSEHOLD_2_item_488
3022,6,HOUSEHOLD_2,HOUSEHOLD_2_item_489
3023,6,HOUSEHOLD_2,HOUSEHOLD_2_item_490
3024,6,HOUSEHOLD_2,HOUSEHOLD_2_item_491
3025,6,HOUSEHOLD_2,HOUSEHOLD_2_item_492
3026,6,HOUSEHOLD_2,HOUSEHOLD_2_item_493
3027,6,HOUSEHOLD_2,HOUSEHOLD_2_item_494
3028,6,HOUSEHOLD_2,HOUSEHOLD_2_item_495
3029,6,HOUSEHOLD_2,HOUSEHOLD_2_item_496
3030,6,HOUSEHOLD_2,HOUSEHOLD_2_item_497
3031,6,HOUSEHOLD_2,HOUSEHOLD_2_item_498
3032,6,HOUSEHOLD_2,HOUSEHOLD_2_item_499
3033,6,HOUSEHOLD_2,HOUSEHOLD_2_item_500
3034,6,HOUSEHOLD_2,HOUSEHOLD_2_item_501
3035,6,HOUSEHOLD_2,HOUSEHOLD_2_item_502
3036,6,HOUSEHOLD_2,HOUSEHOLD_2_item_503
3037,6,HOUSEHOLD_2,HOUSEHOLD_2_item_504
3038,6,HOUSEHOLD_2,HOUSEHOLD_2_item_505
3039,6,HOUSEHOLD_2,HOUSEHOLD_2_item_506
3040,6,HOUSEHOLD_2,HOUSEHOLD_2_item_507
3041,6,HOUSEHOLD_2,HOUSEHOLD_2_item_508
3042,6,HOUSEHOLD_2,HOUSEHOLD_2_item_509
3043,6,HOUSEHOLD_2,HOUSEHOLD_2_item_510
3044,6,HOUSEHOLD_2,HOUSEHOLD_2_item_511
3045,6,HOUSEHOLD_2,HOUSEHOLD_2_item_512
3046,6,HOUSEHOLD_2,HOUSEHOLD_2_item_513
3047,6,HOUSEHOLD_2,HOUSEHOLD_2_item_514
3048,6,HOUSEHOLD_2,HOUSEHOLD_2_item_515
